phi_deg,theta_deg,C_joint,C_decoupled,delta_C
0.000000,0.000000,0.749347,0.749347,0.000000
0.000000,4.736842,0.748931,0.749347,-0.000417
0.000000,9.473684,0.748378,0.749347,-0.000970
0.000000,14.210526,0.747374,0.749347,-0.001973
0.000000,18.947368,0.745871,0.749347,-0.003476
0.000000,23.684211,0.744012,0.749347,-0.005336
0.000000,28.421053,0.741992,0.749347,-0.007355
0.000000,33.157895,0.739961,0.749347,-0.009387
0.000000,37.894737,0.737977,0.749347,-0.011371
0.000000,42.631579,0.736014,0.749347,-0.013333
0.000000,47.368421,0.733965,0.749347,-0.015382
0.000000,52.105263,0.731667,0.749347,-0.017680
0.000000,56.842105,0.728965,0.749347,-0.020382
0.000000,61.578947,0.725814,0.749347,-0.023534
0.000000,66.315789,0.722353,0.749347,-0.026995
0.000000,71.052632,0.718902,0.749347,-0.030446
0.000000,75.789474,0.715864,0.749347,-0.033484
0.000000,80.526316,0.713620,0.749347,-0.035727
0.000000,85.263158,0.712451,0.749347,-0.036896
0.000000,90.000000,0.712467,0.749347,-0.036880
1.818182,0.000000,0.751506,0.751506,0.000000
1.818182,4.736842,0.750778,0.751506,-0.000727
1.818182,9.473684,0.749981,0.751506,-0.001525
1.818182,14.210526,0.748813,0.751506,-0.002693
1.818182,18.947368,0.747198,0.751506,-0.004308
1.818182,23.684211,0.745236,0.751506,-0.006270
1.818182,28.421053,0.743094,0.751506,-0.008412
1.818182,33.157895,0.740906,0.751506,-0.010600
1.818182,37.894737,0.738733,0.751506,-0.012773
1.818182,42.631579,0.736561,0.751506,-0.014945
1.818182,47.368421,0.734295,0.751506,-0.017211
1.818182,52.105263,0.731789,0.751506,-0.019717
1.818182,56.842105,0.728903,0.751506,-0.022602
1.818182,61.578947,0.725611,0.751506,-0.025895
1.818182,66.315789,0.722067,0.751506,-0.029439
1.818182,71.052632,0.718598,0.751506,-0.032908
1.818182,75.789474,0.715602,0.751506,-0.035904
1.818182,80.526316,0.713445,0.751506,-0.038061
1.818182,85.263158,0.712389,0.751506,-0.039117
1.818182,90.000000,0.712526,0.751506,-0.038980
3.636364,0.000000,0.753833,0.753833,0.000000
3.636364,4.736842,0.752797,0.753833,-0.001036
3.636364,9.473684,0.751739,0.753833,-0.002093
3.636364,14.210526,0.750379,0.753833,-0.003454
3.636364,18.947368,0.748618,0.753833,-0.005214
3.636364,23.684211,0.746524,0.753833,-0.007308
3.636364,28.421053,0.744232,0.753833,-0.009600
3.636364,33.157895,0.741864,0.753833,-0.011968
3.636364,37.894737,0.739486,0.753833,-0.014347
3.636364,42.631579,0.737092,0.753833,-0.016741
3.636364,47.368421,0.734603,0.753833,-0.019229
3.636364,52.105263,0.731887,0.753833,-0.021945
3.636364,56.842105,0.728822,0.753833,-0.025010
3.636364,61.578947,0.725397,0.753833,-0.028435
3.636364,66.315789,0.721781,0.753833,-0.032052
3.636364,71.052632,0.718303,0.753833,-0.035529
3.636364,75.789474,0.715357,0.753833,-0.038476
3.636364,80.526316,0.713292,0.753833,-0.040541
3.636364,85.263158,0.712351,0.753833,-0.041482
3.636364,90.000000,0.712609,0.753833,-0.041224
5.454545,0.000000,0.756312,0.756312,0.000000
5.454545,4.736842,0.754977,0.756312,-0.001335
5.454545,9.473684,0.753647,0.756312,-0.002665
5.454545,14.210526,0.752068,0.756312,-0.004244
5.454545,18.947368,0.750131,0.756312,-0.006181
5.454545,23.684211,0.747873,0.756312,-0.008439
5.454545,28.421053,0.745403,0.756312,-0.010909
5.454545,33.157895,0.742833,0.756312,-0.013479
5.454545,37.894737,0.740232,0.756312,-0.016080
5.454545,42.631579,0.737605,0.756312,-0.018707
5.454545,47.368421,0.734889,0.756312,-0.021423
5.454545,52.105263,0.731963,0.756312,-0.024349
5.454545,56.842105,0.728724,0.756312,-0.027588
5.454545,61.578947,0.725174,0.756312,-0.031138
5.454545,66.315789,0.721495,0.756312,-0.034817
5.454545,71.052632,0.718019,0.756312,-0.038293
5.454545,75.789474,0.715129,0.756312,-0.041183
5.454545,80.526316,0.713160,0.756312,-0.043152
5.454545,85.263158,0.712335,0.756312,-0.043977
5.454545,90.000000,0.712714,0.756312,-0.043598
7.272727,0.000000,0.758922,0.758922,0.000000
7.272727,4.736842,0.757303,0.758922,-0.001619
7.272727,9.473684,0.755693,0.758922,-0.003229
7.272727,14.210526,0.753873,0.758922,-0.005049
7.272727,18.947368,0.751730,0.758922,-0.007192
7.272727,23.684211,0.749277,0.758922,-0.009646
7.272727,28.421053,0.746602,0.758922,-0.012320
7.272727,33.157895,0.743808,0.758922,-0.015114
7.272727,37.894737,0.740969,0.758922,-0.017954
7.272727,42.631579,0.738100,0.758922,-0.020822
7.272727,47.368421,0.735151,0.758922,-0.023771
7.272727,52.105263,0.732018,0.758922,-0.026904
7.272727,56.842105,0.728610,0.758922,-0.030313
7.272727,61.578947,0.724944,0.758922,-0.033978
7.272727,66.315789,0.721212,0.758922,-0.037710
7.272727,71.052632,0.717746,0.758922,-0.041176
7.272727,75.789474,0.714919,0.758922,-0.044003
7.272727,80.526316,0.713050,0.758922,-0.045873
7.272727,85.263158,0.712342,0.758922,-0.046580
7.272727,90.000000,0.712840,0.758922,-0.046082
9.090909,0.000000,0.761635,0.761635,0.000000
9.090909,4.736842,0.759756,0.761635,-0.001878
9.090909,9.473684,0.757865,0.761635,-0.003769
9.090909,14.210526,0.755785,0.761635,-0.005850
9.090909,18.947368,0.753407,0.761635,-0.008228
9.090909,23.684211,0.750729,0.761635,-0.010905
9.090909,28.421053,0.747823,0.761635,-0.013811
9.090909,33.157895,0.744785,0.761635,-0.016849
9.090909,37.894737,0.741693,0.761635,-0.019942
9.090909,42.631579,0.738574,0.761635,-0.023061
9.090909,47.368421,0.735390,0.761635,-0.026245
9.090909,52.105263,0.732051,0.761635,-0.029583
9.090909,56.842105,0.728481,0.761635,-0.033154
9.090909,61.578947,0.724709,0.761635,-0.036925
9.090909,66.315789,0.720934,0.761635,-0.040701
9.090909,71.052632,0.717486,0.761635,-0.044148
9.090909,75.789474,0.714728,0.761635,-0.046907
9.090909,80.526316,0.712960,0.761635,-0.048675
9.090909,85.263158,0.712368,0.761635,-0.049266
9.090909,90.000000,0.712983,0.761635,-0.048652
10.909091,0.000000,0.764413,0.764413,0.000000
10.909091,4.736842,0.762308,0.764413,-0.002105
10.909091,9.473684,0.760142,0.764413,-0.004271
10.909091,14.210526,0.757787,0.764413,-0.006625
10.909091,18.947368,0.755151,0.764413,-0.009262
10.909091,23.684211,0.752222,0.764413,-0.012191
10.909091,28.421053,0.749060,0.764413,-0.015352
10.909091,33.157895,0.745759,0.764413,-0.018654
10.909091,37.894737,0.742401,0.764413,-0.022012
10.909091,42.631579,0.739025,0.764413,-0.025388
10.909091,47.368421,0.735606,0.764413,-0.028807
10.909091,52.105263,0.732065,0.764413,-0.032348
10.909091,56.842105,0.728340,0.764413,-0.036073
10.909091,61.578947,0.724471,0.764413,-0.039942
10.909091,66.315789,0.720662,0.764413,-0.043751
10.909091,71.052632,0.717240,0.764413,-0.047173
10.909091,75.789474,0.714554,0.764413,-0.049859
10.909091,80.526316,0.712889,0.764413,-0.051524
10.909091,85.263158,0.712413,0.764413,-0.052000
10.909091,90.000000,0.713142,0.764413,-0.051271
12.727273,0.000000,0.767213,0.767213,0.000000
12.727273,4.736842,0.764923,0.767213,-0.002290
12.727273,9.473684,0.762496,0.767213,-0.004717
12.727273,14.210526,0.759861,0.767213,-0.007352
12.727273,18.947368,0.756947,0.767213,-0.010266
12.727273,23.684211,0.753743,0.767213,-0.013470
12.727273,28.421053,0.750305,0.767213,-0.016908
12.727273,33.157895,0.746724,0.767213,-0.020489
12.727273,37.894737,0.743090,0.767213,-0.024123
12.727273,42.631579,0.739453,0.767213,-0.027761
12.727273,47.368421,0.735798,0.767213,-0.031415
12.727273,52.105263,0.732060,0.767213,-0.035153
12.727273,56.842105,0.728188,0.767213,-0.039025
12.727273,61.578947,0.724231,0.767213,-0.042982
12.727273,66.315789,0.720397,0.767213,-0.046816
12.727273,71.052632,0.717007,0.767213,-0.050206
12.727273,75.789474,0.714398,0.767213,-0.052815
12.727273,80.526316,0.712836,0.767213,-0.054377
12.727273,85.263158,0.712474,0.767213,-0.054739
12.727273,90.000000,0.713313,0.767213,-0.053900
14.545455,0.000000,0.769984,0.769984,0.000000
14.545455,4.736842,0.767560,0.769984,-0.002424
14.545455,9.473684,0.764896,0.769984,-0.005088
14.545455,14.210526,0.761982,0.769984,-0.008003
14.545455,18.947368,0.758776,0.769984,-0.011208
14.545455,23.684211,0.755279,0.769984,-0.014705
14.545455,28.421053,0.751546,0.769984,-0.018438
14.545455,33.157895,0.747673,0.769984,-0.022311
14.545455,37.894737,0.743755,0.769984,-0.026229
14.545455,42.631579,0.739854,0.769984,-0.030130
14.545455,47.368421,0.735966,0.769984,-0.034018
14.545455,52.105263,0.732038,0.769984,-0.037946
14.545455,56.842105,0.728026,0.769984,-0.041958
14.545455,61.578947,0.723991,0.769984,-0.045993
14.545455,66.315789,0.720140,0.769984,-0.049844
14.545455,71.052632,0.716788,0.769984,-0.053196
14.545455,75.789474,0.714259,0.769984,-0.055726
14.545455,80.526316,0.712800,0.769984,-0.057185
14.545455,85.263158,0.712549,0.769984,-0.057436
14.545455,90.000000,0.713493,0.769984,-0.056491
16.363636,0.000000,0.772669,0.772669,0.000000
16.363636,4.736842,0.770170,0.772669,-0.002499
16.363636,9.473684,0.767303,0.772669,-0.005366
16.363636,14.210526,0.764119,0.772669,-0.008550
16.363636,18.947368,0.760617,0.772669,-0.012052
16.363636,23.684211,0.756814,0.772669,-0.015855
16.363636,28.421053,0.752774,0.772669,-0.019895
16.363636,33.157895,0.748599,0.772669,-0.024070
16.363636,37.894737,0.744394,0.772669,-0.028275
16.363636,42.631579,0.740229,0.772669,-0.032440
16.363636,47.368421,0.736112,0.772669,-0.036557
16.363636,52.105263,0.731999,0.772669,-0.040670
16.363636,56.842105,0.727857,0.772669,-0.044812
16.363636,61.578947,0.723753,0.772669,-0.048916
16.363636,66.315789,0.719892,0.772669,-0.052777
16.363636,71.052632,0.716584,0.772669,-0.056085
16.363636,75.789474,0.714136,0.772669,-0.058533
16.363636,80.526316,0.712779,0.772669,-0.059890
16.363636,85.263158,0.712635,0.772669,-0.060034
16.363636,90.000000,0.713681,0.772669,-0.058988
18.181818,0.000000,0.775205,0.775205,0.000000
18.181818,4.736842,0.772698,0.775205,-0.002507
18.181818,9.473684,0.769672,0.775205,-0.005533
18.181818,14.210526,0.766239,0.775205,-0.008966
18.181818,18.947368,0.762443,0.775205,-0.012762
18.181818,23.684211,0.758330,0.775205,-0.016875
18.181818,28.421053,0.753977,0.775205,-0.021228
18.181818,33.157895,0.749495,0.775205,-0.025710
18.181818,37.894737,0.745000,0.775205,-0.030205
18.181818,42.631579,0.740574,0.775205,-0.034631
18.181818,47.368421,0.736234,0.775205,-0.038971
18.181818,52.105263,0.731945,0.775205,-0.043260
18.181818,56.842105,0.727683,0.775205,-0.047522
18.181818,61.578947,0.723517,0.775205,-0.051688
18.181818,66.315789,0.719655,0.775205,-0.055550
18.181818,71.052632,0.716394,0.775205,-0.058811
18.181818,75.789474,0.714028,0.775205,-0.061177
18.181818,80.526316,0.712771,0.775205,-0.062434
18.181818,85.263158,0.712731,0.775205,-0.062474
18.181818,90.000000,0.713874,0.775205,-0.061331
20.000000,0.000000,0.777527,0.777527,0.000000
20.000000,4.736842,0.775084,0.777527,-0.002443
20.000000,9.473684,0.771952,0.777527,-0.005575
20.000000,14.210526,0.768302,0.777527,-0.009226
20.000000,18.947368,0.764227,0.777527,-0.013300
20.000000,23.684211,0.759807,0.777527,-0.017720
20.000000,28.421053,0.755140,0.777527,-0.022387
20.000000,33.157895,0.750352,0.777527,-0.027175
20.000000,37.894737,0.745572,0.777527,-0.031956
20.000000,42.631579,0.740890,0.777527,-0.036637
20.000000,47.368421,0.736334,0.777527,-0.041193
20.000000,52.105263,0.731877,0.777527,-0.045650
20.000000,56.842105,0.727503,0.777527,-0.050024
20.000000,61.578947,0.723286,0.777527,-0.054241
20.000000,66.315789,0.719428,0.777527,-0.058099
20.000000,71.052632,0.716219,0.777527,-0.061309
20.000000,75.789474,0.713935,0.777527,-0.063593
20.000000,80.526316,0.712775,0.777527,-0.064752
20.000000,85.263158,0.712834,0.777527,-0.064693
20.000000,90.000000,0.714068,0.777527,-0.063460
21.818182,0.000000,0.779571,0.779571,0.000000
21.818182,4.736842,0.777268,0.779571,-0.002304
21.818182,9.473684,0.774092,0.779571,-0.005479
21.818182,14.210526,0.770266,0.779571,-0.009305
21.818182,18.947368,0.765938,0.779571,-0.013634
21.818182,23.684211,0.761224,0.779571,-0.018348
21.818182,28.421053,0.756251,0.779571,-0.023321
21.818182,33.157895,0.751163,0.779571,-0.028408
21.818182,37.894737,0.746104,0.779571,-0.033468
21.818182,42.631579,0.741174,0.779571,-0.038397
21.818182,47.368421,0.736412,0.779571,-0.043160
21.818182,52.105263,0.731797,0.779571,-0.047774
21.818182,56.842105,0.727321,0.779571,-0.052250
21.818182,61.578947,0.723060,0.779571,-0.056511
21.818182,66.315789,0.719213,0.779571,-0.060358
21.818182,71.052632,0.716057,0.779571,-0.063514
21.818182,75.789474,0.713855,0.779571,-0.065716
21.818182,80.526316,0.712790,0.779571,-0.066782
21.818182,85.263158,0.712942,0.779571,-0.066629
21.818182,90.000000,0.714260,0.779571,-0.065311
23.636364,0.000000,0.781276,0.781276,0.000000
23.636364,4.736842,0.779187,0.781276,-0.002089
23.636364,9.473684,0.776037,0.781276,-0.005239
23.636364,14.210526,0.772089,0.781276,-0.009187
23.636364,18.947368,0.767542,0.781276,-0.013734
23.636364,23.684211,0.762557,0.781276,-0.018718
23.636364,28.421053,0.757294,0.781276,-0.023982
23.636364,33.157895,0.751919,0.781276,-0.029356
23.636364,37.894737,0.746592,0.781276,-0.034683
23.636364,42.631579,0.741426,0.781276,-0.039849
23.636364,47.368421,0.736468,0.781276,-0.044808
23.636364,52.105263,0.731706,0.781276,-0.049569
23.636364,56.842105,0.727138,0.781276,-0.054137
23.636364,61.578947,0.722841,0.781276,-0.058434
23.636364,66.315789,0.719010,0.781276,-0.062266
23.636364,71.052632,0.715910,0.781276,-0.065366
23.636364,75.789474,0.713787,0.781276,-0.067488
23.636364,80.526316,0.712812,0.781276,-0.068463
23.636364,85.263158,0.713053,0.781276,-0.068222
23.636364,90.000000,0.714449,0.781276,-0.066826
25.454545,0.000000,0.782586,0.782586,0.000000
25.454545,4.736842,0.780784,0.782586,-0.001802
25.454545,9.473684,0.777733,0.782586,-0.004853
25.454545,14.210526,0.773725,0.782586,-0.008861
25.454545,18.947368,0.769006,0.782586,-0.013580
25.454545,23.684211,0.763784,0.782586,-0.018801
25.454545,28.421053,0.758255,0.782586,-0.024331
25.454545,33.157895,0.752613,0.782586,-0.029973
25.454545,37.894737,0.747033,0.782586,-0.035552
25.454545,42.631579,0.741645,0.782586,-0.040941
25.454545,47.368421,0.736503,0.782586,-0.046083
25.454545,52.105263,0.731605,0.782586,-0.050980
25.454545,56.842105,0.726955,0.782586,-0.055631
25.454545,61.578947,0.722630,0.782586,-0.059956
25.454545,66.315789,0.718819,0.782586,-0.063767
25.454545,71.052632,0.715775,0.782586,-0.066811
25.454545,75.789474,0.713731,0.782586,-0.068855
25.454545,80.526316,0.712842,0.782586,-0.069744
25.454545,85.263158,0.713165,0.782586,-0.069421
25.454545,90.000000,0.714632,0.782586,-0.067953
27.272727,0.000000,0.783458,0.783458,0.000000
27.272727,4.736842,0.782008,0.783458,-0.001450
27.272727,9.473684,0.779131,0.783458,-0.004327
27.272727,14.210526,0.775133,0.783458,-0.008326
27.272727,18.947368,0.770299,0.783458,-0.013160
27.272727,23.684211,0.764883,0.783458,-0.018575
27.272727,28.421053,0.759120,0.783458,-0.024338
27.272727,33.157895,0.753235,0.783458,-0.030223
27.272727,37.894737,0.747424,0.783458,-0.036035
27.272727,42.631579,0.741829,0.783458,-0.041629
27.272727,47.368421,0.736517,0.783458,-0.046941
27.272727,52.105263,0.731497,0.783458,-0.051962
27.272727,56.842105,0.726774,0.783458,-0.056685
27.272727,61.578947,0.722428,0.783458,-0.061031
27.272727,66.315789,0.718640,0.783458,-0.064818
27.272727,71.052632,0.715653,0.783458,-0.067805
27.272727,75.789474,0.713685,0.783458,-0.069773
27.272727,80.526316,0.712876,0.783458,-0.070582
27.272727,85.263158,0.713275,0.783458,-0.070184
27.272727,90.000000,0.714807,0.783458,-0.068652
29.090909,0.000000,0.783863,0.783863,0.000000
29.090909,4.736842,0.782820,0.783863,-0.001043
29.090909,9.473684,0.780188,0.783863,-0.003675
29.090909,14.210526,0.776273,0.783863,-0.007590
29.090909,18.947368,0.771389,0.783863,-0.012474
29.090909,23.684211,0.765832,0.783863,-0.018031
29.090909,28.421053,0.759876,0.783863,-0.023987
29.090909,33.157895,0.753779,0.783863,-0.030084
29.090909,37.894737,0.747760,0.783863,-0.036103
29.090909,42.631579,0.741978,0.783863,-0.041885
29.090909,47.368421,0.736513,0.783863,-0.047350
29.090909,52.105263,0.731381,0.783863,-0.052482
29.090909,56.842105,0.726595,0.783863,-0.057268
29.090909,61.578947,0.722235,0.783863,-0.061628
29.090909,66.315789,0.718474,0.783863,-0.065389
29.090909,71.052632,0.715544,0.783863,-0.068319
29.090909,75.789474,0.713647,0.783863,-0.070216
29.090909,80.526316,0.712913,0.783863,-0.070950
29.090909,85.263158,0.713381,0.783863,-0.070482
29.090909,90.000000,0.714970,0.783863,-0.068893
30.909091,0.000000,0.783786,0.783786,0.000000
30.909091,4.736842,0.783191,0.783786,-0.000595
30.909091,9.473684,0.780872,0.783786,-0.002914
30.909091,14.210526,0.777115,0.783786,-0.006670
30.909091,18.947368,0.772251,0.783786,-0.011535
30.909091,23.684211,0.766611,0.783786,-0.017174
30.909091,28.421053,0.760511,0.783786,-0.023275
30.909091,33.157895,0.754238,0.783786,-0.029548
30.909091,37.894737,0.748040,0.783786,-0.035746
30.909091,42.631579,0.742092,0.783786,-0.041693
30.909091,47.368421,0.736490,0.783786,-0.047296
30.909091,52.105263,0.731260,0.783786,-0.052526
30.909091,56.842105,0.726421,0.783786,-0.057365
30.909091,61.578947,0.722052,0.783786,-0.061734
30.909091,66.315789,0.718321,0.783786,-0.065465
30.909091,71.052632,0.715446,0.783786,-0.068339
30.909091,75.789474,0.713618,0.783786,-0.070168
30.909091,80.526316,0.712953,0.783786,-0.070833
30.909091,85.263158,0.713482,0.783786,-0.070304
30.909091,90.000000,0.715121,0.783786,-0.068665
32.727273,0.000000,0.783229,0.783229,0.000000
32.727273,4.736842,0.783109,0.783229,-0.000121
32.727273,9.473684,0.781160,0.783229,-0.002069
32.727273,14.210526,0.777635,0.783229,-0.005595
32.727273,18.947368,0.772864,0.783229,-0.010366
32.727273,23.684211,0.767206,0.783229,-0.016023
32.727273,28.421053,0.761013,0.783229,-0.022216
32.727273,33.157895,0.754607,0.783229,-0.028623
32.727273,37.894737,0.748260,0.783229,-0.034969
32.727273,42.631579,0.742171,0.783229,-0.041058
32.727273,47.368421,0.736450,0.783229,-0.046780
32.727273,52.105263,0.731135,0.783229,-0.052094
32.727273,56.842105,0.726252,0.783229,-0.056977
32.727273,61.578947,0.721881,0.783229,-0.061349
32.727273,66.315789,0.718181,0.783229,-0.065048
32.727273,71.052632,0.715360,0.783229,-0.067869
32.727273,75.789474,0.713595,0.783229,-0.069634
32.727273,80.526316,0.712993,0.783229,-0.070237
32.727273,85.263158,0.713576,0.783229,-0.069654
32.727273,90.000000,0.715256,0.783229,-0.067973
34.545455,0.000000,0.782213,0.782213,0.000000
34.545455,4.736842,0.782578,0.782213,0.000365
34.545455,9.473684,0.781045,0.782213,-0.001168
34.545455,14.210526,0.777816,0.782213,-0.004397
34.545455,18.947368,0.773211,0.782213,-0.009002
34.545455,23.684211,0.767604,0.782213,-0.014609
34.545455,28.421053,0.761376,0.782213,-0.020838
34.545455,33.157895,0.754880,0.782213,-0.027333
34.545455,37.894737,0.748420,0.782213,-0.033793
34.545455,42.631579,0.742215,0.782213,-0.039998
34.545455,47.368421,0.736393,0.782213,-0.045820
34.545455,52.105263,0.731007,0.782213,-0.051206
34.545455,56.842105,0.726090,0.782213,-0.056123
34.545455,61.578947,0.721721,0.782213,-0.060492
34.545455,66.315789,0.718054,0.782213,-0.064159
34.545455,71.052632,0.715285,0.782213,-0.066928
34.545455,75.789474,0.713579,0.782213,-0.068635
34.545455,80.526316,0.713032,0.782213,-0.069182
34.545455,85.263158,0.713661,0.782213,-0.068552
34.545455,90.000000,0.715375,0.782213,-0.066838
36.363636,0.000000,0.780772,0.780772,0.000000
36.363636,4.736842,0.781617,0.780772,0.000845
36.363636,9.473684,0.780531,0.780772,-0.000241
36.363636,14.210526,0.777656,0.780772,-0.003116
36.363636,18.947368,0.773286,0.780772,-0.007486
36.363636,23.684211,0.767797,0.780772,-0.012975
36.363636,28.421053,0.761592,0.780772,-0.019180
36.363636,33.157895,0.755056,0.780772,-0.025716
36.363636,37.894737,0.748518,0.780772,-0.032254
36.363636,42.631579,0.742224,0.780772,-0.038548
36.363636,47.368421,0.736322,0.780772,-0.044450
36.363636,52.105263,0.730879,0.780772,-0.049893
36.363636,56.842105,0.725936,0.780772,-0.054836
36.363636,61.578947,0.721575,0.780772,-0.059197
36.363636,66.315789,0.717941,0.780772,-0.062831
36.363636,71.052632,0.715220,0.780772,-0.065552
36.363636,75.789474,0.713567,0.780772,-0.067205
36.363636,80.526316,0.713069,0.780772,-0.067703
36.363636,85.263158,0.713736,0.780772,-0.067036
36.363636,90.000000,0.715477,0.780772,-0.065295
38.181818,0.000000,0.778953,0.778953,0.000000
38.181818,4.736842,0.780259,0.778953,0.001306
38.181818,9.473684,0.779636,0.778953,0.000682
38.181818,14.210526,0.777161,0.778953,-0.001792
38.181818,18.947368,0.773087,0.778953,-0.005866
38.181818,23.684211,0.767781,0.778953,-0.011172
38.181818,28.421053,0.761659,0.778953,-0.017294
38.181818,33.157895,0.755131,0.778953,-0.023822
38.181818,37.894737,0.748554,0.778953,-0.030400
38.181818,42.631579,0.742199,0.778953,-0.036754
38.181818,47.368421,0.736236,0.778953,-0.042717
38.181818,52.105263,0.730750,0.778953,-0.048203
38.181818,56.842105,0.725791,0.778953,-0.053162
38.181818,61.578947,0.721441,0.778953,-0.057512
38.181818,66.315789,0.717841,0.778953,-0.061112
38.181818,71.052632,0.715166,0.778953,-0.063787
38.181818,75.789474,0.713560,0.778953,-0.065393
38.181818,80.526316,0.713103,0.778953,-0.065850
38.181818,85.263158,0.713801,0.778953,-0.065152
38.181818,90.000000,0.715559,0.778953,-0.063394
40.000000,0.000000,0.776813,0.776813,0.000000
40.000000,4.736842,0.778549,0.776813,0.001736
40.000000,9.473684,0.778389,0.776813,0.001576
40.000000,14.210526,0.776346,0.776813,-0.000467
40.000000,18.947368,0.772621,0.776813,-0.004192
40.000000,23.684211,0.767558,0.776813,-0.009255
40.000000,28.421053,0.761576,0.776813,-0.015237
40.000000,33.157895,0.755105,0.776813,-0.021709
40.000000,37.894737,0.748527,0.776813,-0.028286
40.000000,42.631579,0.742141,0.776813,-0.034673
40.000000,47.368421,0.736138,0.776813,-0.040675
40.000000,52.105263,0.730623,0.776813,-0.046190
40.000000,56.842105,0.725657,0.776813,-0.051157
40.000000,61.578947,0.721322,0.776813,-0.055492
40.000000,66.315789,0.717755,0.776813,-0.059058
40.000000,71.052632,0.715122,0.776813,-0.061691
40.000000,75.789474,0.713557,0.776813,-0.063256
40.000000,80.526316,0.713133,0.776813,-0.063680
40.000000,85.263158,0.713853,0.776813,-0.062960
40.000000,90.000000,0.715621,0.776813,-0.061192
41.818182,0.000000,0.774416,0.774416,0.000000
41.818182,4.736842,0.776540,0.774416,0.002124
41.818182,9.473684,0.776830,0.774416,0.002415
41.818182,14.210526,0.775236,0.774416,0.000820
41.818182,18.947368,0.771900,0.774416,-0.002515
41.818182,23.684211,0.767133,0.774416,-0.007282
41.818182,28.421053,0.761346,0.774416,-0.013070
41.818182,33.157895,0.754979,0.774416,-0.019437
41.818182,37.894737,0.748439,0.774416,-0.025977
41.818182,42.631579,0.742050,0.774416,-0.032366
41.818182,47.368421,0.736029,0.774416,-0.038387
41.818182,52.105263,0.730499,0.774416,-0.043917
41.818182,56.842105,0.725533,0.774416,-0.048883
41.818182,61.578947,0.721217,0.774416,-0.053198
41.818182,66.315789,0.717683,0.774416,-0.056732
41.818182,71.052632,0.715088,0.774416,-0.059328
41.818182,75.789474,0.713558,0.774416,-0.060858
41.818182,80.526316,0.713160,0.774416,-0.061256
41.818182,85.263158,0.713893,0.774416,-0.060523
41.818182,90.000000,0.715662,0.774416,-0.058754
43.636364,0.000000,0.771825,0.771825,0.000000
43.636364,4.736842,0.774289,0.771825,0.002464
43.636364,9.473684,0.775005,0.771825,0.003180
43.636364,14.210526,0.773862,0.771825,0.002037
43.636364,18.947368,0.770944,0.771825,-0.000881
43.636364,23.684211,0.766517,0.771825,-0.005309
43.636364,28.421053,0.760972,0.771825,-0.010853
43.636364,33.157895,0.754755,0.771825,-0.017070
43.636364,37.894737,0.748291,0.771825,-0.023534
43.636364,42.631579,0.741928,0.771825,-0.029897
43.636364,47.368421,0.735910,0.771825,-0.035916
43.636364,52.105263,0.730379,0.771825,-0.041447
43.636364,56.842105,0.725422,0.771825,-0.046404
43.636364,61.578947,0.721128,0.771825,-0.050697
43.636364,66.315789,0.717626,0.771825,-0.054199
43.636364,71.052632,0.715064,0.771825,-0.056761
43.636364,75.789474,0.713562,0.771825,-0.058263
43.636364,80.526316,0.713181,0.771825,-0.058644
43.636364,85.263158,0.713920,0.771825,-0.057905
43.636364,90.000000,0.715682,0.771825,-0.056144
45.454545,0.000000,0.769106,0.769106,0.000000
45.454545,4.736842,0.771858,0.769106,0.002752
45.454545,9.473684,0.772963,0.769106,0.003857
45.454545,14.210526,0.772261,0.769106,0.003155
45.454545,18.947368,0.769776,0.769106,0.000669
45.454545,23.684211,0.765721,0.769106,-0.003385
45.454545,28.421053,0.760462,0.769106,-0.008645
45.454545,33.157895,0.754437,0.769106,-0.014669
45.454545,37.894737,0.748085,0.769106,-0.021021
45.454545,42.631579,0.741777,0.769106,-0.027329
45.454545,47.368421,0.735782,0.769106,-0.033324
45.454545,52.105263,0.730264,0.769106,-0.038843
45.454545,56.842105,0.725324,0.769106,-0.043783
45.454545,61.578947,0.721055,0.769106,-0.048051
45.454545,66.315789,0.717583,0.769106,-0.051523
45.454545,71.052632,0.715050,0.769106,-0.054056
45.454545,75.789474,0.713570,0.769106,-0.055536
45.454545,80.526316,0.713198,0.769106,-0.055908
45.454545,85.263158,0.713933,0.769106,-0.055173
45.454545,90.000000,0.715679,0.769106,-0.053427
47.272727,0.000000,0.766320,0.766320,0.000000
47.272727,4.736842,0.769305,0.766320,0.002985
47.272727,9.473684,0.770756,0.766320,0.004436
47.272727,14.210526,0.770473,0.766320,0.004153
47.272727,18.947368,0.768422,0.766320,0.002102
47.272727,23.684211,0.764763,0.766320,-0.001557
47.272727,28.421053,0.759824,0.766320,-0.006496
47.272727,33.157895,0.754029,0.766320,-0.012291
47.272727,37.894737,0.747824,0.766320,-0.018496
47.272727,42.631579,0.741599,0.766320,-0.024721
47.272727,47.368421,0.735647,0.766320,-0.030673
47.272727,52.105263,0.730156,0.766320,-0.036164
47.272727,56.842105,0.725240,0.766320,-0.041080
47.272727,61.578947,0.720999,0.766320,-0.045321
47.272727,66.315789,0.717556,0.766320,-0.048764
47.272727,71.052632,0.715047,0.766320,-0.051273
47.272727,75.789474,0.713581,0.766320,-0.052739
47.272727,80.526316,0.713211,0.766320,-0.053109
47.272727,85.263158,0.713933,0.766320,-0.052387
47.272727,90.000000,0.715656,0.766320,-0.050664
49.090909,0.000000,0.763522,0.763522,0.000000
49.090909,4.736842,0.766686,0.763522,0.003164
49.090909,9.473684,0.768433,0.763522,0.004912
49.090909,14.210526,0.768536,0.763522,0.005014
49.090909,18.947368,0.766911,0.763522,0.003389
49.090909,23.684211,0.763661,0.763522,0.000139
49.090909,28.421053,0.759068,0.763522,-0.004454
49.090909,33.157895,0.753536,0.763522,-0.009985
49.090909,37.894737,0.747510,0.763522,-0.016012
49.090909,42.631579,0.741395,0.763522,-0.022127
49.090909,47.368421,0.735507,0.763522,-0.028015
49.090909,52.105263,0.730055,0.763522,-0.033466
49.090909,56.842105,0.725171,0.763522,-0.038350
49.090909,61.578947,0.720961,0.763522,-0.042561
49.090909,66.315789,0.717545,0.763522,-0.045977
49.090909,71.052632,0.715055,0.763522,-0.048466
49.090909,75.789474,0.713596,0.763522,-0.049926
49.090909,80.526316,0.713218,0.763522,-0.050303
49.090909,85.263158,0.713920,0.763522,-0.049601
49.090909,90.000000,0.715610,0.763522,-0.047911
50.909091,0.000000,0.760760,0.760760,0.000000
50.909091,4.736842,0.764050,0.760760,0.003290
50.909091,9.473684,0.766042,0.760760,0.005282
50.909091,14.210526,0.766491,0.760760,0.005731
50.909091,18.947368,0.765272,0.760760,0.004512
50.909091,23.684211,0.762433,0.760760,0.001673
50.909091,28.421053,0.758207,0.760760,-0.002553
50.909091,33.157895,0.752965,0.760760,-0.007795
50.909091,37.894737,0.747147,0.760760,-0.013614
50.909091,42.631579,0.741167,0.760760,-0.019593
50.909091,47.368421,0.735363,0.760760,-0.025398
50.909091,52.105263,0.729964,0.760760,-0.030796
50.909091,56.842105,0.725119,0.760760,-0.035641
50.909091,61.578947,0.720941,0.760760,-0.039819
50.909091,66.315789,0.717550,0.760760,-0.043210
50.909091,71.052632,0.715075,0.760760,-0.045685
50.909091,75.789474,0.713616,0.760760,-0.047144
50.909091,80.526316,0.713223,0.760760,-0.047537
50.909091,85.263158,0.713895,0.760760,-0.046865
50.909091,90.000000,0.715544,0.760760,-0.045216
52.727273,0.000000,0.758077,0.758077,0.000000
52.727273,4.736842,0.761444,0.758077,0.003367
52.727273,9.473684,0.763626,0.758077,0.005549
52.727273,14.210526,0.764375,0.758077,0.006298
52.727273,18.947368,0.763534,0.758077,0.005458
52.727273,23.684211,0.761100,0.758077,0.003024
52.727273,28.421053,0.757251,0.758077,-0.000825
52.727273,33.157895,0.752323,0.758077,-0.005753
52.727273,37.894737,0.746738,0.758077,-0.011339
52.727273,42.631579,0.740918,0.758077,-0.017159
52.727273,47.368421,0.735216,0.758077,-0.022861
52.727273,52.105263,0.729883,0.758077,-0.028193
52.727273,56.842105,0.725085,0.758077,-0.032992
52.727273,61.578947,0.720941,0.758077,-0.037136
52.727273,66.315789,0.717573,0.758077,-0.040504
52.727273,71.052632,0.715107,0.758077,-0.042970
52.727273,75.789474,0.713640,0.758077,-0.044436
52.727273,80.526316,0.713224,0.758077,-0.044853
52.727273,85.263158,0.713858,0.758077,-0.044219
52.727273,90.000000,0.715458,0.758077,-0.042618
54.545455,0.000000,0.755505,0.755505,0.000000
54.545455,4.736842,0.758903,0.755505,0.003397
54.545455,9.473684,0.761221,0.755505,0.005716
54.545455,14.210526,0.762222,0.755505,0.006717
54.545455,18.947368,0.761726,0.755505,0.006220
54.545455,23.684211,0.759682,0.755505,0.004176
54.545455,28.421053,0.756215,0.755505,0.000709
54.545455,33.157895,0.751617,0.755505,-0.003888
54.545455,37.894737,0.746288,0.755505,-0.009217
54.545455,42.631579,0.740649,0.755505,-0.014856
54.545455,47.368421,0.735068,0.755505,-0.020438
54.545455,52.105263,0.729814,0.755505,-0.025691
54.545455,56.842105,0.725068,0.755505,-0.030437
54.545455,61.578947,0.720961,0.755505,-0.034545
54.545455,66.315789,0.717614,0.755505,-0.037891
54.545455,71.052632,0.715152,0.755505,-0.040353
54.545455,75.789474,0.713671,0.755505,-0.041834
54.545455,80.526316,0.713222,0.755505,-0.042283
54.545455,85.263158,0.713810,0.755505,-0.041696
54.545455,90.000000,0.715353,0.755505,-0.040152
56.363636,0.000000,0.753073,0.753073,0.000000
56.363636,4.736842,0.756458,0.753073,0.003386
56.363636,9.473684,0.758861,0.753073,0.005789
56.363636,14.210526,0.760062,0.753073,0.006990
56.363636,18.947368,0.759871,0.753073,0.006798
56.363636,23.684211,0.758196,0.753073,0.005124
56.363636,28.421053,0.755110,0.753073,0.002037
56.363636,33.157895,0.750855,0.753073,-0.002218
56.363636,37.894737,0.745801,0.753073,-0.007271
56.363636,42.631579,0.740364,0.753073,-0.012708
56.363636,47.368421,0.734920,0.753073,-0.018152
56.363636,52.105263,0.729757,0.753073,-0.023315
56.363636,56.842105,0.725072,0.753073,-0.028001
56.363636,61.578947,0.721003,0.753073,-0.032070
56.363636,66.315789,0.717675,0.753073,-0.035397
56.363636,71.052632,0.715212,0.753073,-0.037860
56.363636,75.789474,0.713710,0.753073,-0.039363
56.363636,80.526316,0.713221,0.753073,-0.039852
56.363636,85.263158,0.713752,0.753073,-0.039320
56.363636,90.000000,0.715230,0.753073,-0.037842
58.181818,0.000000,0.750798,0.750798,0.000000
58.181818,4.736842,0.754134,0.750798,0.003336
58.181818,9.473684,0.756572,0.750798,0.005774
58.181818,14.210526,0.757922,0.750798,0.007124
58.181818,18.947368,0.757993,0.750798,0.007195
58.181818,23.684211,0.756662,0.750798,0.005864
58.181818,28.421053,0.753948,0.750798,0.003150
58.181818,33.157895,0.750043,0.750798,-0.000755
58.181818,37.894737,0.745282,0.750798,-0.005516
58.181818,42.631579,0.740065,0.750798,-0.010733
58.181818,47.368421,0.734775,0.750798,-0.016023
58.181818,52.105263,0.729715,0.750798,-0.021084
58.181818,56.842105,0.725096,0.750798,-0.025702
58.181818,61.578947,0.721067,0.750798,-0.029731
58.181818,66.315789,0.717757,0.750798,-0.033041
58.181818,71.052632,0.715288,0.750798,-0.035510
58.181818,75.789474,0.713757,0.750798,-0.037041
58.181818,80.526316,0.713219,0.750798,-0.037579
58.181818,85.263158,0.713687,0.750798,-0.037111
58.181818,90.000000,0.715091,0.750798,-0.035707
60.000000,0.000000,0.748696,0.748696,0.000000
60.000000,4.736842,0.751947,0.748696,0.003252
60.000000,9.473684,0.754374,0.748696,0.005678
60.000000,14.210526,0.755823,0.748696,0.007127
60.000000,18.947368,0.756113,0.748696,0.007417
60.000000,23.684211,0.755096,0.748696,0.006401
60.000000,28.421053,0.752743,0.748696,0.004047
60.000000,33.157895,0.749191,0.748696,0.000495
60.000000,37.894737,0.744734,0.748696,-0.003962
60.000000,42.631579,0.739754,0.748696,-0.008942
60.000000,47.368421,0.734633,0.748696,-0.014063
60.000000,52.105263,0.729687,0.748696,-0.019009
60.000000,56.842105,0.725141,0.748696,-0.023554
60.000000,61.578947,0.721155,0.748696,-0.027541
60.000000,66.315789,0.717861,0.748696,-0.030835
60.000000,71.052632,0.715382,0.748696,-0.033314
60.000000,75.789474,0.713815,0.748696,-0.034881
60.000000,80.526316,0.713220,0.748696,-0.035476
60.000000,85.263158,0.713616,0.748696,-0.035080
60.000000,90.000000,0.714938,0.748696,-0.033758
61.818182,0.000000,0.746774,0.746774,0.000000
61.818182,4.736842,0.749911,0.746774,0.003137
61.818182,9.473684,0.752283,0.746774,0.005509
61.818182,14.210526,0.753782,0.746774,0.007008
61.818182,18.947368,0.754247,0.746774,0.007473
61.818182,23.684211,0.753513,0.746774,0.006739
61.818182,28.421053,0.751504,0.746774,0.004731
61.818182,33.157895,0.748304,0.746774,0.001531
61.818182,37.894737,0.744162,0.746774,-0.002611
61.818182,42.631579,0.739433,0.746774,-0.007340
61.818182,47.368421,0.734496,0.746774,-0.012277
61.818182,52.105263,0.729675,0.746774,-0.017098
61.818182,56.842105,0.725210,0.746774,-0.021564
61.818182,61.578947,0.721269,0.746774,-0.025505
61.818182,66.315789,0.717988,0.746774,-0.028785
61.818182,71.052632,0.715494,0.746774,-0.031280
61.818182,75.789474,0.713885,0.746774,-0.032889
61.818182,80.526316,0.713226,0.746774,-0.033548
61.818182,85.263158,0.713540,0.746774,-0.033233
61.818182,90.000000,0.714773,0.746774,-0.032001
63.636364,0.000000,0.745035,0.745035,0.000000
63.636364,4.736842,0.748032,0.745035,0.002996
63.636364,9.473684,0.750310,0.745035,0.005275
63.636364,14.210526,0.751814,0.745035,0.006779
63.636364,18.947368,0.752410,0.745035,0.007375
63.636364,23.684211,0.751925,0.745035,0.006890
63.636364,28.421053,0.750243,0.745035,0.005208
63.636364,33.157895,0.747391,0.745035,0.002356
63.636364,37.894737,0.743571,0.745035,-0.001464
63.636364,42.631579,0.739106,0.745035,-0.005929
63.636364,47.368421,0.734366,0.745035,-0.010669
63.636364,52.105263,0.729681,0.745035,-0.015354
63.636364,56.842105,0.725303,0.745035,-0.019733
63.636364,61.578947,0.721408,0.745035,-0.023627
63.636364,66.315789,0.718141,0.745035,-0.026894
63.636364,71.052632,0.715627,0.745035,-0.029408
63.636364,75.789474,0.713969,0.745035,-0.031066
63.636364,80.526316,0.713237,0.745035,-0.031798
63.636364,85.263158,0.713463,0.745035,-0.031572
63.636364,90.000000,0.714597,0.745035,-0.030438
65.454545,0.000000,0.743480,0.743480,0.000000
65.454545,4.736842,0.746313,0.743480,0.002832
65.454545,9.473684,0.748461,0.743480,0.004981
65.454545,14.210526,0.749928,0.743480,0.006447
65.454545,18.947368,0.750614,0.743480,0.007134
65.454545,23.684211,0.750345,0.743480,0.006864
65.454545,28.421053,0.748968,0.743480,0.005488
65.454545,33.157895,0.746459,0.743480,0.002978
65.454545,37.894737,0.742964,0.743480,-0.000516
65.454545,42.631579,0.738775,0.743480,-0.004706
65.454545,47.368421,0.734244,0.743480,-0.009236
65.454545,52.105263,0.729706,0.743480,-0.013775
65.454545,56.842105,0.725420,0.743480,-0.018060
65.454545,61.578947,0.721576,0.743480,-0.021904
65.454545,66.315789,0.718320,0.743480,-0.025160
65.454545,71.052632,0.715783,0.743480,-0.027697
65.454545,75.789474,0.714070,0.743480,-0.029410
65.454545,80.526316,0.713258,0.743480,-0.030223
65.454545,85.263158,0.713386,0.743480,-0.030094
65.454545,90.000000,0.714415,0.743480,-0.029065
67.272727,0.000000,0.742106,0.742106,0.000000
67.272727,4.736842,0.744754,0.742106,0.002648
67.272727,9.473684,0.746741,0.742106,0.004635
67.272727,14.210526,0.748131,0.742106,0.006025
67.272727,18.947368,0.748868,0.742106,0.006762
67.272727,23.684211,0.748781,0.742106,0.006676
67.272727,28.421053,0.747688,0.742106,0.005583
67.272727,33.157895,0.745512,0.742106,0.003407
67.272727,37.894737,0.742346,0.742106,0.000241
67.272727,42.631579,0.738441,0.742106,-0.003664
67.272727,47.368421,0.734132,0.742106,-0.007974
67.272727,52.105263,0.729750,0.742106,-0.012356
67.272727,56.842105,0.725565,0.742106,-0.016541
67.272727,61.578947,0.721773,0.742106,-0.020332
67.272727,66.315789,0.718529,0.742106,-0.023577
67.272727,71.052632,0.715964,0.742106,-0.026142
67.272727,75.789474,0.714190,0.742106,-0.027916
67.272727,80.526316,0.713289,0.742106,-0.028816
67.272727,85.263158,0.713312,0.742106,-0.028793
67.272727,90.000000,0.714228,0.742106,-0.027878
69.090909,0.000000,0.740906,0.740906,0.000000
69.090909,4.736842,0.743353,0.740906,0.002447
69.090909,9.473684,0.745150,0.740906,0.004244
69.090909,14.210526,0.746428,0.740906,0.005523
69.090909,18.947368,0.747179,0.740906,0.006273
69.090909,23.684211,0.747243,0.740906,0.006337
69.090909,28.421053,0.746412,0.740906,0.005506
69.090909,33.157895,0.744559,0.740906,0.003653
69.090909,37.894737,0.741722,0.740906,0.000816
69.090909,42.631579,0.738109,0.740906,-0.002797
69.090909,47.368421,0.734031,0.740906,-0.006875
69.090909,52.105263,0.729815,0.740906,-0.011091
69.090909,56.842105,0.725737,0.740906,-0.015169
69.090909,61.578947,0.722002,0.740906,-0.018904
69.090909,66.315789,0.718768,0.740906,-0.022138
69.090909,71.052632,0.716172,0.740906,-0.024734
69.090909,75.789474,0.714330,0.740906,-0.026575
69.090909,80.526316,0.713335,0.740906,-0.027571
69.090909,85.263158,0.713245,0.740906,-0.027661
69.090909,90.000000,0.714039,0.740906,-0.026866
70.909091,0.000000,0.739872,0.739872,0.000000
70.909091,4.736842,0.742103,0.739872,0.002230
70.909091,9.473684,0.743686,0.739872,0.003813
70.909091,14.210526,0.744821,0.739872,0.004949
70.909091,18.947368,0.745552,0.739872,0.005680
70.909091,23.684211,0.745737,0.739872,0.005865
70.909091,28.421053,0.745145,0.739872,0.005273
70.909091,33.157895,0.743603,0.739872,0.003731
70.909091,37.894737,0.741094,0.739872,0.001222
70.909091,42.631579,0.737779,0.739872,-0.002093
70.909091,47.368421,0.733943,0.739872,-0.005930
70.909091,52.105263,0.729902,0.739872,-0.009970
70.909091,56.842105,0.725938,0.739872,-0.013934
70.909091,61.578947,0.722262,0.739872,-0.017610
70.909091,66.315789,0.719039,0.739872,-0.020833
70.909091,71.052632,0.716409,0.739872,-0.023463
70.909091,75.789474,0.714495,0.739872,-0.025377
70.909091,80.526316,0.713397,0.739872,-0.026475
70.909091,85.263158,0.713186,0.739872,-0.026686
70.909091,90.000000,0.713852,0.739872,-0.026020
72.727273,0.000000,0.738997,0.738997,0.000000
72.727273,4.736842,0.740998,0.738997,0.002001
72.727273,9.473684,0.742345,0.738997,0.003348
72.727273,14.210526,0.743309,0.738997,0.004313
72.727273,18.947368,0.743991,0.738997,0.004994
72.727273,23.684211,0.744268,0.738997,0.005271
72.727273,28.421053,0.743894,0.738997,0.004898
72.727273,33.157895,0.742651,0.738997,0.003654
72.727273,37.894737,0.740467,0.738997,0.001470
72.727273,42.631579,0.737455,0.738997,-0.001542
72.727273,47.368421,0.733868,0.738997,-0.005128
72.727273,52.105263,0.730013,0.738997,-0.008984
72.727273,56.842105,0.726169,0.738997,-0.012827
72.727273,61.578947,0.722557,0.738997,-0.016440
72.727273,66.315789,0.719345,0.738997,-0.019652
72.727273,71.052632,0.716679,0.738997,-0.022318
72.727273,75.789474,0.714687,0.738997,-0.024310
72.727273,80.526316,0.713479,0.738997,-0.025518
72.727273,85.263158,0.713139,0.738997,-0.025857
72.727273,90.000000,0.713670,0.738997,-0.025327
74.545455,0.000000,0.738269,0.738269,0.000000
74.545455,4.736842,0.740030,0.738269,0.001762
74.545455,9.473684,0.741123,0.738269,0.002854
74.545455,14.210526,0.741892,0.738269,0.003624
74.545455,18.947368,0.742497,0.738269,0.004228
74.545455,23.684211,0.742841,0.738269,0.004572
74.545455,28.421053,0.742664,0.738269,0.004396
74.545455,33.157895,0.741707,0.738269,0.003438
74.545455,37.894737,0.739844,0.738269,0.001575
74.545455,42.631579,0.737139,0.738269,-0.001130
74.545455,47.368421,0.733810,0.738269,-0.004459
74.545455,52.105263,0.730148,0.738269,-0.008121
74.545455,56.842105,0.726432,0.738269,-0.011836
74.545455,61.578947,0.722888,0.738269,-0.015381
74.545455,66.315789,0.719688,0.738269,-0.018580
74.545455,71.052632,0.716983,0.738269,-0.021286
74.545455,75.789474,0.714908,0.738269,-0.023361
74.545455,80.526316,0.713584,0.738269,-0.024684
74.545455,85.263158,0.713108,0.738269,-0.025160
74.545455,90.000000,0.713495,0.738269,-0.024773
76.363636,0.000000,0.737677,0.737677,0.000000
76.363636,4.736842,0.739190,0.737677,0.001513
76.363636,9.473684,0.740013,0.737677,0.002336
76.363636,14.210526,0.740566,0.737677,0.002890
76.363636,18.947368,0.741071,0.737677,0.003394
76.363636,23.684211,0.741458,0.737677,0.003781
76.363636,28.421053,0.741459,0.737677,0.003782
76.363636,33.157895,0.740775,0.737677,0.003098
76.363636,37.894737,0.739228,0.737677,0.001552
76.363636,42.631579,0.736832,0.737677,-0.000844
76.363636,47.368421,0.733768,0.737677,-0.003908
76.363636,52.105263,0.730309,0.737677,-0.007368
76.363636,56.842105,0.726728,0.737677,-0.010948
76.363636,61.578947,0.723256,0.737677,-0.014421
76.363636,66.315789,0.720070,0.737677,-0.017607
76.363636,71.052632,0.717324,0.737677,-0.020353
76.363636,75.789474,0.715161,0.737677,-0.022515
76.363636,80.526316,0.713715,0.737677,-0.023962
76.363636,85.263158,0.713096,0.737677,-0.024581
76.363636,90.000000,0.713333,0.737677,-0.024344
78.181818,0.000000,0.737210,0.737210,0.000000
78.181818,4.736842,0.738468,0.737210,0.001258
78.181818,9.473684,0.739008,0.737210,0.001798
78.181818,14.210526,0.739329,0.737210,0.002119
78.181818,18.947368,0.739713,0.737210,0.002503
78.181818,23.684211,0.740122,0.737210,0.002912
78.181818,28.421053,0.740282,0.737210,0.003072
78.181818,33.157895,0.739858,0.737210,0.002648
78.181818,37.894737,0.738623,0.737210,0.001413
78.181818,42.631579,0.736538,0.737210,-0.000672
78.181818,47.368421,0.733746,0.737210,-0.003465
78.181818,52.105263,0.730496,0.737210,-0.006714
78.181818,56.842105,0.727059,0.737210,-0.010152
78.181818,61.578947,0.723663,0.737210,-0.013547
78.181818,66.315789,0.720493,0.737210,-0.016717
78.181818,71.052632,0.717705,0.737210,-0.019505
78.181818,75.789474,0.715450,0.737210,-0.021760
78.181818,80.526316,0.713875,0.737210,-0.023336
78.181818,85.263158,0.713105,0.737210,-0.024105
78.181818,90.000000,0.713185,0.737210,-0.024025
80.000000,0.000000,0.736857,0.736857,0.000000
80.000000,4.736842,0.737854,0.736857,0.000996
80.000000,9.473684,0.738101,0.736857,0.001244
80.000000,14.210526,0.738175,0.736857,0.001317
80.000000,18.947368,0.738422,0.736857,0.001564
80.000000,23.684211,0.738835,0.736857,0.001978
80.000000,28.421053,0.739137,0.736857,0.002280
80.000000,33.157895,0.738962,0.736857,0.002104
80.000000,37.894737,0.738032,0.736857,0.001174
80.000000,42.631579,0.736258,0.736857,-0.000599
80.000000,47.368421,0.733743,0.736857,-0.003115
80.000000,52.105263,0.730711,0.736857,-0.006146
80.000000,56.842105,0.727424,0.736857,-0.009433
80.000000,61.578947,0.724112,0.736857,-0.012746
80.000000,66.315789,0.720959,0.736857,-0.015899
80.000000,71.052632,0.718128,0.736857,-0.018729
80.000000,75.789474,0.715778,0.736857,-0.021080
80.000000,80.526316,0.714067,0.736857,-0.022791
80.000000,85.263158,0.713140,0.736857,-0.023718
80.000000,90.000000,0.713057,0.736857,-0.023801
81.818182,0.000000,0.736607,0.736607,0.000000
81.818182,4.736842,0.737337,0.736607,0.000731
81.818182,9.473684,0.737285,0.736607,0.000678
81.818182,14.210526,0.737100,0.736607,0.000493
81.818182,18.947368,0.737195,0.736607,0.000589
81.818182,23.684211,0.737598,0.736607,0.000991
81.818182,28.421053,0.738027,0.736607,0.001420
81.818182,33.157895,0.738088,0.736607,0.001481
81.818182,37.894737,0.737457,0.736607,0.000850
81.818182,42.631579,0.735995,0.736607,-0.000612
81.818182,47.368421,0.733761,0.736607,-0.002846
81.818182,52.105263,0.730956,0.736607,-0.005651
81.818182,56.842105,0.727827,0.736607,-0.008780
81.818182,61.578947,0.724602,0.736607,-0.012004
81.818182,66.315789,0.721470,0.736607,-0.015137
81.818182,71.052632,0.718596,0.736607,-0.018011
81.818182,75.789474,0.716146,0.736607,-0.020461
81.818182,80.526316,0.714294,0.736607,-0.022313
81.818182,85.263158,0.713203,0.736607,-0.023403
81.818182,90.000000,0.712950,0.736607,-0.023657
83.636364,0.000000,0.736447,0.736447,0.000000
83.636364,4.736842,0.736909,0.736447,0.000462
83.636364,9.473684,0.736550,0.736447,0.000103
83.636364,14.210526,0.736099,0.736447,-0.000348
83.636364,18.947368,0.736032,0.736447,-0.000415
83.636364,23.684211,0.736410,0.736447,-0.000037
83.636364,28.421053,0.736953,0.736447,0.000506
83.636364,33.157895,0.737239,0.736447,0.000791
83.636364,37.894737,0.736900,0.736447,0.000453
83.636364,42.631579,0.735749,0.736447,-0.000698
83.636364,47.368421,0.733803,0.736447,-0.002645
83.636364,52.105263,0.731230,0.736447,-0.005217
83.636364,56.842105,0.728267,0.736447,-0.008181
83.636364,61.578947,0.725137,0.736447,-0.011310
83.636364,66.315789,0.722029,0.736447,-0.014419
83.636364,71.052632,0.719111,0.736447,-0.017336
83.636364,75.789474,0.716558,0.736447,-0.019889
83.636364,80.526316,0.714560,0.736447,-0.021887
83.636364,85.263158,0.713299,0.736447,-0.023148
83.636364,90.000000,0.712870,0.736447,-0.023578
85.454545,0.000000,0.736367,0.736367,0.000000
85.454545,4.736842,0.736559,0.736367,0.000191
85.454545,9.473684,0.735890,0.736367,-0.000477
85.454545,14.210526,0.735168,0.736367,-0.001200
85.454545,18.947368,0.734930,0.736367,-0.001438
85.454545,23.684211,0.735272,0.736367,-0.001095
85.454545,28.421053,0.735917,0.736367,-0.000451
85.454545,33.157895,0.736418,0.736367,0.000050
85.454545,37.894737,0.736366,0.736367,-0.000002
85.454545,42.631579,0.735525,0.736367,-0.000843
85.454545,47.368421,0.733868,0.736367,-0.002499
85.454545,52.105263,0.731536,0.736367,-0.004832
85.454545,56.842105,0.728745,0.736367,-0.007622
85.454545,61.578947,0.725717,0.736367,-0.010651
85.454545,66.315789,0.722636,0.736367,-0.013731
85.454545,71.052632,0.719675,0.736367,-0.016692
85.454545,75.789474,0.717017,0.736367,-0.019351
85.454545,80.526316,0.714868,0.736367,-0.021500
85.454545,85.263158,0.713430,0.736367,-0.022938
85.454545,90.000000,0.712818,0.736367,-0.023549
87.272727,0.000000,0.736357,0.736357,0.000000
87.272727,4.736842,0.736277,0.736357,-0.000080
87.272727,9.473684,0.735297,0.736357,-0.001060
87.272727,14.210526,0.734300,0.736357,-0.002057
87.272727,18.947368,0.733885,0.736357,-0.002471
87.272727,23.684211,0.734184,0.736357,-0.002173
87.272727,28.421053,0.734921,0.736357,-0.001436
87.272727,33.157895,0.735627,0.736357,-0.000730
87.272727,37.894737,0.735855,0.736357,-0.000502
87.272727,42.631579,0.735322,0.736357,-0.001035
87.272727,47.368421,0.733959,0.736357,-0.002398
87.272727,52.105263,0.731873,0.736357,-0.004484
87.272727,56.842105,0.729264,0.736357,-0.007093
87.272727,61.578947,0.726343,0.736357,-0.010014
87.272727,66.315789,0.723294,0.736357,-0.013063
87.272727,71.052632,0.720291,0.736357,-0.016066
87.272727,75.789474,0.717524,0.736357,-0.018833
87.272727,80.526316,0.715219,0.736357,-0.021138
87.272727,85.263158,0.713599,0.736357,-0.022758
87.272727,90.000000,0.712799,0.736357,-0.023557
89.090909,0.000000,0.736405,0.736405,0.000000
89.090909,4.736842,0.736054,0.736405,-0.000351
89.090909,9.473684,0.734764,0.736405,-0.001641
89.090909,14.210526,0.733490,0.736405,-0.002915
89.090909,18.947368,0.732897,0.736405,-0.003509
89.090909,23.684211,0.733145,0.736405,-0.003260
89.090909,28.421053,0.733965,0.736405,-0.002440
89.090909,33.157895,0.734868,0.736405,-0.001537
89.090909,37.894737,0.735370,0.736405,-0.001036
89.090909,42.631579,0.735143,0.736405,-0.001262
89.090909,47.368421,0.734076,0.736405,-0.002329
89.090909,52.105263,0.732244,0.736405,-0.004162
89.090909,56.842105,0.729823,0.736405,-0.006582
89.090909,61.578947,0.727016,0.736405,-0.009389
89.090909,66.315789,0.724004,0.736405,-0.012402
89.090909,71.052632,0.720959,0.736405,-0.015446
89.090909,75.789474,0.718083,0.736405,-0.018322
89.090909,80.526316,0.715617,0.736405,-0.020789
89.090909,85.263158,0.713809,0.736405,-0.022596
89.090909,90.000000,0.712816,0.736405,-0.023589
90.909091,0.000000,0.736503,0.736503,0.000000
90.909091,4.736842,0.735882,0.736503,-0.000621
90.909091,9.473684,0.734283,0.736503,-0.002220
90.909091,14.210526,0.732735,0.736503,-0.003768
90.909091,18.947368,0.731960,0.736503,-0.004543
90.909091,23.684211,0.732155,0.736503,-0.004348
90.909091,28.421053,0.733051,0.736503,-0.003451
90.909091,33.157895,0.734144,0.736503,-0.002359
90.909091,37.894737,0.734913,0.736503,-0.001590
90.909091,42.631579,0.734990,0.736503,-0.001513
90.909091,47.368421,0.734222,0.736503,-0.002281
90.909091,52.105263,0.732648,0.736503,-0.003855
90.909091,56.842105,0.730424,0.736503,-0.006079
90.909091,61.578947,0.727738,0.736503,-0.008765
90.909091,66.315789,0.724766,0.736503,-0.011736
90.909091,71.052632,0.721682,0.736503,-0.014821
90.909091,75.789474,0.718694,0.736503,-0.017809
90.909091,80.526316,0.716063,0.736503,-0.020440
90.909091,85.263158,0.714062,0.736503,-0.022441
90.909091,90.000000,0.712872,0.736503,-0.023631
92.727273,0.000000,0.736640,0.736640,0.000000
92.727273,4.736842,0.735752,0.736640,-0.000889
92.727273,9.473684,0.733847,0.736640,-0.002793
92.727273,14.210526,0.732028,0.736640,-0.004612
92.727273,18.947368,0.731074,0.736640,-0.005566
92.727273,23.684211,0.731212,0.736640,-0.005428
92.727273,28.421053,0.732180,0.736640,-0.004460
92.727273,33.157895,0.733455,0.736640,-0.003185
92.727273,37.894737,0.734486,0.736640,-0.002154
92.727273,42.631579,0.734865,0.736640,-0.001775
92.727273,47.368421,0.734397,0.736640,-0.002243
92.727273,52.105263,0.733086,0.736640,-0.003554
92.727273,56.842105,0.731066,0.736640,-0.005575
92.727273,61.578947,0.728508,0.736640,-0.008132
92.727273,66.315789,0.725583,0.736640,-0.011058
92.727273,71.052632,0.722460,0.736640,-0.014180
92.727273,75.789474,0.719359,0.736640,-0.017281
92.727273,80.526316,0.716559,0.736640,-0.020081
92.727273,85.263158,0.714361,0.736640,-0.022279
92.727273,90.000000,0.712968,0.736640,-0.023672
94.545455,0.000000,0.736809,0.736809,0.000000
94.545455,4.736842,0.735656,0.736809,-0.001153
94.545455,9.473684,0.733451,0.736809,-0.003357
94.545455,14.210526,0.731366,0.736809,-0.005443
94.545455,18.947368,0.730236,0.736809,-0.006573
94.545455,23.684211,0.730317,0.736809,-0.006492
94.545455,28.421053,0.731353,0.736809,-0.005456
94.545455,33.157895,0.732804,0.736809,-0.004005
94.545455,37.894737,0.734091,0.736809,-0.002717
94.545455,42.631579,0.734769,0.736809,-0.002040
94.545455,47.368421,0.734602,0.736809,-0.002207
94.545455,52.105263,0.733560,0.736809,-0.003249
94.545455,56.842105,0.731749,0.736809,-0.005059
94.545455,61.578947,0.729327,0.736809,-0.007481
94.545455,66.315789,0.726453,0.736809,-0.010356
94.545455,71.052632,0.723294,0.736809,-0.013514
94.545455,75.789474,0.720078,0.736809,-0.016730
94.545455,80.526316,0.717106,0.736809,-0.019702
94.545455,85.263158,0.714707,0.736809,-0.022102
94.545455,90.000000,0.713108,0.736809,-0.023700
96.363636,0.000000,0.737000,0.737000,0.000000
96.363636,4.736842,0.735586,0.737000,-0.001414
96.363636,9.473684,0.733089,0.737000,-0.003912
96.363636,14.210526,0.730744,0.737000,-0.006256
96.363636,18.947368,0.729442,0.737000,-0.007558
96.363636,23.684211,0.729468,0.737000,-0.007532
96.363636,28.421053,0.730569,0.737000,-0.006431
96.363636,33.157895,0.732192,0.737000,-0.004808
96.363636,37.894737,0.733731,0.737000,-0.003269
96.363636,42.631579,0.734703,0.737000,-0.002297
96.363636,47.368421,0.734838,0.737000,-0.002162
96.363636,52.105263,0.734069,0.737000,-0.002931
96.363636,56.842105,0.732475,0.737000,-0.004525
96.363636,61.578947,0.730195,0.737000,-0.006806
96.363636,66.315789,0.727376,0.737000,-0.009624
96.363636,71.052632,0.724184,0.737000,-0.012816
96.363636,75.789474,0.720853,0.737000,-0.016148
96.363636,80.526316,0.717706,0.737000,-0.019295
96.363636,85.263158,0.715101,0.737000,-0.021900
96.363636,90.000000,0.713293,0.737000,-0.023707
98.181818,0.000000,0.737207,0.737207,0.000000
98.181818,4.736842,0.735537,0.737207,-0.001670
98.181818,9.473684,0.732754,0.737207,-0.004453
98.181818,14.210526,0.730158,0.737207,-0.007049
98.181818,18.947368,0.728692,0.737207,-0.008515
98.181818,23.684211,0.728665,0.737207,-0.008542
98.181818,28.421053,0.729830,0.737207,-0.007377
98.181818,33.157895,0.731621,0.737207,-0.005586
98.181818,37.894737,0.733406,0.737207,-0.003801
98.181818,42.631579,0.734670,0.737207,-0.002537
98.181818,47.368421,0.735106,0.737207,-0.002101
98.181818,52.105263,0.734613,0.737207,-0.002594
98.181818,56.842105,0.733241,0.737207,-0.003966
98.181818,61.578947,0.731110,0.737207,-0.006097
98.181818,66.315789,0.728352,0.737207,-0.008855
98.181818,71.052632,0.725129,0.737207,-0.012079
98.181818,75.789474,0.721681,0.737207,-0.015526
98.181818,80.526316,0.718357,0.737207,-0.018850
98.181818,85.263158,0.715543,0.737207,-0.021664
98.181818,90.000000,0.713524,0.737207,-0.023683
100.000000,0.000000,0.737422,0.737422,0.000000
100.000000,4.736842,0.735502,0.737422,-0.001920
100.000000,9.473684,0.732442,0.737422,-0.004980
100.000000,14.210526,0.729606,0.737422,-0.007816
100.000000,18.947368,0.727983,0.737422,-0.009440
100.000000,23.684211,0.727907,0.737422,-0.009515
100.000000,28.421053,0.729136,0.737422,-0.008287
100.000000,33.157895,0.731091,0.737422,-0.006331
100.000000,37.894737,0.733118,0.737422,-0.004304
100.000000,42.631579,0.734671,0.737422,-0.002751
100.000000,47.368421,0.735408,0.737422,-0.002015
100.000000,52.105263,0.735193,0.737422,-0.002229
100.000000,56.842105,0.734049,0.737422,-0.003374
100.000000,61.578947,0.732071,0.737422,-0.005351
100.000000,66.315789,0.729379,0.737422,-0.008044
100.000000,71.052632,0.726126,0.737422,-0.011296
100.000000,75.789474,0.722563,0.737422,-0.014860
100.000000,80.526316,0.719059,0.737422,-0.018364
100.000000,85.263158,0.716035,0.737422,-0.021388
100.000000,90.000000,0.713802,0.737422,-0.023621
101.818182,0.000000,0.737640,0.737640,0.000000
101.818182,4.736842,0.735476,0.737640,-0.002164
101.818182,9.473684,0.732149,0.737640,-0.005490
101.818182,14.210526,0.729084,0.737640,-0.008556
101.818182,18.947368,0.727313,0.737640,-0.010327
101.818182,23.684211,0.727194,0.737640,-0.010446
101.818182,28.421053,0.728488,0.737640,-0.009152
101.818182,33.157895,0.730605,0.737640,-0.007034
101.818182,37.894737,0.732870,0.737640,-0.004770
101.818182,42.631579,0.734708,0.737640,-0.002932
101.818182,47.368421,0.735743,0.737640,-0.001897
101.818182,52.105263,0.735808,0.737640,-0.001831
101.818182,56.842105,0.734896,0.737640,-0.002744
101.818182,61.578947,0.733077,0.737640,-0.004563
101.818182,66.315789,0.730455,0.737640,-0.007185
101.818182,71.052632,0.727175,0.737640,-0.010465
101.818182,75.789474,0.723495,0.737640,-0.014145
101.818182,80.526316,0.719810,0.737640,-0.017829
101.818182,85.263158,0.716574,0.737640,-0.021066
101.818182,90.000000,0.714126,0.737640,-0.023514
103.636364,0.000000,0.737853,0.737853,0.000000
103.636364,4.736842,0.735452,0.737853,-0.002401
103.636364,9.473684,0.731871,0.737853,-0.005982
103.636364,14.210526,0.728589,0.737853,-0.009264
103.636364,18.947368,0.726681,0.737853,-0.011172
103.636364,23.684211,0.726526,0.737853,-0.011327
103.636364,28.421053,0.727887,0.737853,-0.009966
103.636364,33.157895,0.730165,0.737853,-0.007689
103.636364,37.894737,0.732663,0.737853,-0.005190
103.636364,42.631579,0.734781,0.737853,-0.003072
103.636364,47.368421,0.736113,0.737853,-0.001740
103.636364,52.105263,0.736459,0.737853,-0.001394
103.636364,56.842105,0.735780,0.737853,-0.002073
103.636364,61.578947,0.734125,0.737853,-0.003728
103.636364,66.315789,0.731576,0.737853,-0.006277
103.636364,71.052632,0.728272,0.737853,-0.009582
103.636364,75.789474,0.724475,0.737853,-0.013378
103.636364,80.526316,0.720609,0.737853,-0.017244
103.636364,85.263158,0.717159,0.737853,-0.020694
103.636364,90.000000,0.714497,0.737853,-0.023356
105.454545,0.000000,0.738057,0.738057,0.000000
105.454545,4.736842,0.735428,0.738057,-0.002630
105.454545,9.473684,0.731604,0.738057,-0.006453
105.454545,14.210526,0.728119,0.738057,-0.009939
105.454545,18.947368,0.726085,0.738057,-0.011972
105.454545,23.684211,0.725902,0.738057,-0.012155
105.454545,28.421053,0.727333,0.738057,-0.010724
105.454545,33.157895,0.729770,0.738057,-0.008287
105.454545,37.894737,0.732498,0.738057,-0.005559
105.454545,42.631579,0.734892,0.738057,-0.003165
105.454545,47.368421,0.736517,0.738057,-0.001540
105.454545,52.105263,0.737143,0.738057,-0.000914
105.454545,56.842105,0.736701,0.738057,-0.001357
105.454545,61.578947,0.735212,0.738057,-0.002846
105.454545,66.315789,0.732739,0.738057,-0.005318
105.454545,71.052632,0.729411,0.738057,-0.008646
105.454545,75.789474,0.725499,0.738057,-0.012558
105.454545,80.526316,0.721451,0.738057,-0.016607
105.454545,85.263158,0.717788,0.738057,-0.020269
105.454545,90.000000,0.714912,0.738057,-0.023145
107.272727,0.000000,0.738248,0.738248,0.000000
107.272727,4.736842,0.735398,0.738248,-0.002850
107.272727,9.473684,0.731345,0.738248,-0.006903
107.272727,14.210526,0.727672,0.738248,-0.010576
107.272727,18.947368,0.725526,0.738248,-0.012722
107.272727,23.684211,0.725323,0.738248,-0.012925
107.272727,28.421053,0.726828,0.738248,-0.011420
107.272727,33.157895,0.729423,0.738248,-0.008825
107.272727,37.894737,0.732377,0.738248,-0.005871
107.272727,42.631579,0.735043,0.738248,-0.003205
107.272727,47.368421,0.736957,0.738248,-0.001291
107.272727,52.105263,0.737860,0.738248,-0.000388
107.272727,56.842105,0.737654,0.738248,-0.000594
107.272727,61.578947,0.736333,0.738248,-0.001915
107.272727,66.315789,0.733939,0.738248,-0.004309
107.272727,71.052632,0.730589,0.738248,-0.007659
107.272727,75.789474,0.726562,0.738248,-0.011686
107.272727,80.526316,0.722332,0.738248,-0.015916
107.272727,85.263158,0.718458,0.738248,-0.019790
107.272727,90.000000,0.715371,0.738248,-0.022877
109.090909,0.000000,0.738421,0.738421,0.000000
109.090909,4.736842,0.735359,0.738421,-0.003061
109.090909,9.473684,0.731092,0.738421,-0.007328
109.090909,14.210526,0.727246,0.738421,-0.011174
109.090909,18.947368,0.725002,0.738421,-0.013418
109.090909,23.684211,0.724789,0.738421,-0.013631
109.090909,28.421053,0.726373,0.738421,-0.012048
109.090909,33.157895,0.729126,0.738421,-0.009294
109.090909,37.894737,0.732302,0.738421,-0.006118
109.090909,42.631579,0.735234,0.738421,-0.003187
109.090909,47.368421,0.737432,0.738421,-0.000989
109.090909,52.105263,0.738609,0.738421,0.000189
109.090909,56.842105,0.738638,0.738421,0.000218
109.090909,61.578947,0.737485,0.738421,-0.000935
109.090909,66.315789,0.735170,0.738421,-0.003250
109.090909,71.052632,0.731799,0.738421,-0.006622
109.090909,75.789474,0.727657,0.738421,-0.010764
109.090909,80.526316,0.723247,0.738421,-0.015174
109.090909,85.263158,0.719164,0.738421,-0.019257
109.090909,90.000000,0.715868,0.738421,-0.022552
110.909091,0.000000,0.738572,0.738572,0.000000
110.909091,4.736842,0.735309,0.738572,-0.003262
110.909091,9.473684,0.730843,0.738572,-0.007729
110.909091,14.210526,0.726841,0.738572,-0.011731
110.909091,18.947368,0.724514,0.738572,-0.014058
110.909091,23.684211,0.724301,0.738572,-0.014271
110.909091,28.421053,0.725968,0.738572,-0.012604
110.909091,33.157895,0.728880,0.738572,-0.009692
110.909091,37.894737,0.732275,0.738572,-0.006297
110.909091,42.631579,0.735466,0.738572,-0.003106
110.909091,47.368421,0.737942,0.738572,-0.000630
110.909091,52.105263,0.739388,0.738572,0.000816
110.909091,56.842105,0.739649,0.738572,0.001077
110.909091,61.578947,0.738662,0.738572,0.000091
110.909091,66.315789,0.736426,0.738572,-0.002146
110.909091,71.052632,0.733033,0.738572,-0.005539
110.909091,75.789474,0.728777,0.738572,-0.009795
110.909091,80.526316,0.724189,0.738572,-0.014383
110.909091,85.263158,0.719900,0.738572,-0.018672
110.909091,90.000000,0.716401,0.738572,-0.022170
112.727273,0.000000,0.738698,0.738698,0.000000
112.727273,4.736842,0.735246,0.738698,-0.003453
112.727273,9.473684,0.730596,0.738698,-0.008103
112.727273,14.210526,0.726456,0.738698,-0.012242
112.727273,18.947368,0.724060,0.738698,-0.014638
112.727273,23.684211,0.723859,0.738698,-0.014840
112.727273,28.421053,0.725615,0.738698,-0.013083
112.727273,33.157895,0.728686,0.738698,-0.010012
112.727273,37.894737,0.732296,0.738698,-0.006402
112.727273,42.631579,0.735740,0.738698,-0.002958
112.727273,47.368421,0.738486,0.738698,-0.000212
112.727273,52.105263,0.740195,0.738698,0.001496
112.727273,56.842105,0.740681,0.738698,0.001983
112.727273,61.578947,0.739858,0.738698,0.001159
112.727273,66.315789,0.737698,0.738698,-0.001001
112.727273,71.052632,0.734282,0.738698,-0.004416
112.727273,75.789474,0.729913,0.738698,-0.008785
112.727273,80.526316,0.725150,0.738698,-0.013548
112.727273,85.263158,0.720661,0.738698,-0.018037
112.727273,90.000000,0.716966,0.738698,-0.021733
114.545455,0.000000,0.738798,0.738798,0.000000
114.545455,4.736842,0.735166,0.738798,-0.003632
114.545455,9.473684,0.730350,0.738798,-0.008448
114.545455,14.210526,0.726091,0.738798,-0.012708
114.545455,18.947368,0.723643,0.738798,-0.015156
114.545455,23.684211,0.723464,0.738798,-0.015334
114.545455,28.421053,0.725316,0.738798,-0.013482
114.545455,33.157895,0.728547,0.738798,-0.010252
114.545455,37.894737,0.732368,0.738798,-0.006431
114.545455,42.631579,0.736057,0.738798,-0.002741
114.545455,47.368421,0.739065,0.738798,0.000266
114.545455,52.105263,0.741026,0.738798,0.002228
114.545455,56.842105,0.741731,0.738798,0.002933
114.545455,61.578947,0.741065,0.738798,0.002266
114.545455,66.315789,0.738977,0.738798,0.000178
114.545455,71.052632,0.735537,0.738798,-0.003261
114.545455,75.789474,0.731057,0.738798,-0.007742
114.545455,80.526316,0.726123,0.738798,-0.012676
114.545455,85.263158,0.721440,0.738798,-0.017358
114.545455,90.000000,0.717556,0.738798,-0.021243
116.363636,0.000000,0.738870,0.738870,0.000000
116.363636,4.736842,0.735070,0.738870,-0.003799
116.363636,9.473684,0.730105,0.738870,-0.008764
116.363636,14.210526,0.725745,0.738870,-0.013125
116.363636,18.947368,0.723262,0.738870,-0.015608
116.363636,23.684211,0.723118,0.738870,-0.015752
116.363636,28.421053,0.725072,0.738870,-0.013797
116.363636,33.157895,0.728463,0.738870,-0.010406
116.363636,37.894737,0.732491,0.738870,-0.006379
116.363636,42.631579,0.736418,0.738870,-0.002451
116.363636,47.368421,0.739676,0.738870,0.000806
116.363636,52.105263,0.741879,0.738870,0.003010
116.363636,56.842105,0.742793,0.738870,0.003923
116.363636,61.578947,0.742275,0.738870,0.003406
116.363636,66.315789,0.740254,0.738870,0.001384
116.363636,71.052632,0.736788,0.738870,-0.002082
116.363636,75.789474,0.732196,0.738870,-0.006673
116.363636,80.526316,0.727097,0.738870,-0.011773
116.363636,85.263158,0.722229,0.738870,-0.016641
116.363636,90.000000,0.718165,0.738870,-0.020705
118.181818,0.000000,0.738911,0.738911,0.000000
118.181818,4.736842,0.734957,0.738911,-0.003954
118.181818,9.473684,0.729861,0.738911,-0.009050
118.181818,14.210526,0.725420,0.738911,-0.013491
118.181818,18.947368,0.722918,0.738911,-0.015993
118.181818,23.684211,0.722822,0.738911,-0.016089
118.181818,28.421053,0.724885,0.738911,-0.014025
118.181818,33.157895,0.728438,0.738911,-0.010473
118.181818,37.894737,0.732667,0.738911,-0.006244
118.181818,42.631579,0.736823,0.738911,-0.002088
118.181818,47.368421,0.740319,0.738911,0.001408
118.181818,52.105263,0.742751,0.738911,0.003840
118.181818,56.842105,0.743860,0.738911,0.004949
118.181818,61.578947,0.743480,0.738911,0.004569
118.181818,66.315789,0.741517,0.738911,0.002607
118.181818,71.052632,0.738021,0.738911,-0.000889
118.181818,75.789474,0.733321,0.738911,-0.005590
118.181818,80.526316,0.728062,0.738911,-0.010848
118.181818,85.263158,0.723018,0.738911,-0.015893
118.181818,90.000000,0.718787,0.738911,-0.020124
120.000000,0.000000,0.738921,0.738921,0.000000
120.000000,4.736842,0.734826,0.738921,-0.004096
120.000000,9.473684,0.729619,0.738921,-0.009303
120.000000,14.210526,0.725116,0.738921,-0.013805
120.000000,18.947368,0.722614,0.738921,-0.016308
120.000000,23.684211,0.722578,0.738921,-0.016343
120.000000,28.421053,0.724757,0.738921,-0.014164
120.000000,33.157895,0.728471,0.738921,-0.010450
120.000000,37.894737,0.732897,0.738921,-0.006024
120.000000,42.631579,0.737271,0.738921,-0.001650
120.000000,47.368421,0.740992,0.738921,0.002071
120.000000,52.105263,0.743637,0.738921,0.004716
120.000000,56.842105,0.744926,0.738921,0.006005
120.000000,61.578947,0.744670,0.738921,0.005749
120.000000,66.315789,0.742756,0.738921,0.003835
120.000000,71.052632,0.739226,0.738921,0.000305
120.000000,75.789474,0.734419,0.738921,-0.004503
120.000000,80.526316,0.729008,0.738921,-0.009913
120.000000,85.263158,0.723800,0.738921,-0.015122
120.000000,90.000000,0.719413,0.738921,-0.019508
121.818182,0.000000,0.738901,0.738901,0.000000
121.818182,4.736842,0.734677,0.738901,-0.004223
121.818182,9.473684,0.729378,0.738901,-0.009523
121.818182,14.210526,0.724835,0.738901,-0.014066
121.818182,18.947368,0.722351,0.738901,-0.016550
121.818182,23.684211,0.722388,0.738901,-0.016513
121.818182,28.421053,0.724690,0.738901,-0.014211
121.818182,33.157895,0.728566,0.738901,-0.010335
121.818182,37.894737,0.733182,0.738901,-0.005719
121.818182,42.631579,0.737763,0.738901,-0.001138
121.818182,47.368421,0.741693,0.738901,0.002792
121.818182,52.105263,0.744533,0.738901,0.005632
121.818182,56.842105,0.745983,0.738901,0.007082
121.818182,61.578947,0.745835,0.738901,0.006934
121.818182,66.315789,0.743958,0.738901,0.005057
121.818182,71.052632,0.740388,0.738901,0.001487
121.818182,75.789474,0.735476,0.738901,-0.003425
121.818182,80.526316,0.729923,0.738901,-0.008978
121.818182,85.263158,0.724563,0.738901,-0.014338
121.818182,90.000000,0.720037,0.738901,-0.018864
123.636364,0.000000,0.738850,0.738850,0.000000
123.636364,4.736842,0.734513,0.738850,-0.004337
123.636364,9.473684,0.729142,0.738850,-0.009708
123.636364,14.210526,0.724579,0.738850,-0.014271
123.636364,18.947368,0.722130,0.738850,-0.016720
123.636364,23.684211,0.722255,0.738850,-0.016595
123.636364,28.421053,0.724686,0.738850,-0.014164
123.636364,33.157895,0.728724,0.738850,-0.010126
123.636364,37.894737,0.733524,0.738850,-0.005326
123.636364,42.631579,0.738298,0.738850,-0.000552
123.636364,47.368421,0.742419,0.738850,0.003569
123.636364,52.105263,0.745433,0.738850,0.006583
123.636364,56.842105,0.747024,0.738850,0.008174
123.636364,61.578947,0.746965,0.738850,0.008115
123.636364,66.315789,0.745111,0.738850,0.006261
123.636364,71.052632,0.741494,0.738850,0.002644
123.636364,75.789474,0.736479,0.738850,-0.002371
123.636364,80.526316,0.730794,0.738850,-0.008056
123.636364,85.263158,0.725299,0.738850,-0.013552
123.636364,90.000000,0.720648,0.738850,-0.018202
125.454545,0.000000,0.738770,0.738770,0.000000
125.454545,4.736842,0.734334,0.738770,-0.004435
125.454545,9.473684,0.728911,0.738770,-0.009859
125.454545,14.210526,0.724351,0.738770,-0.014419
125.454545,18.947368,0.721956,0.738770,-0.016814
125.454545,23.684211,0.722180,0.738770,-0.016589
125.454545,28.421053,0.724747,0.738770,-0.014022
125.454545,33.157895,0.728947,0.738770,-0.009823
125.454545,37.894737,0.733923,0.738770,-0.004847
125.454545,42.631579,0.738876,0.738770,0.000107
125.454545,47.368421,0.743168,0.738770,0.004399
125.454545,52.105263,0.746333,0.738770,0.007563
125.454545,56.842105,0.748040,0.738770,0.009270
125.454545,61.578947,0.748047,0.738770,0.009278
125.454545,66.315789,0.746200,0.738770,0.007431
125.454545,71.052632,0.742530,0.738770,0.003761
125.454545,75.789474,0.737416,0.738770,-0.001353
125.454545,80.526316,0.731611,0.738770,-0.007159
125.454545,85.263158,0.725996,0.738770,-0.012774
125.454545,90.000000,0.721240,0.738770,-0.017529
127.272727,0.000000,0.738661,0.738661,0.000000
127.272727,4.736842,0.734143,0.738661,-0.004518
127.272727,9.473684,0.728688,0.738661,-0.009972
127.272727,14.210526,0.724152,0.738661,-0.014509
127.272727,18.947368,0.721830,0.738661,-0.016831
127.272727,23.684211,0.722167,0.738661,-0.016494
127.272727,28.421053,0.724877,0.738661,-0.013784
127.272727,33.157895,0.729236,0.738661,-0.009425
127.272727,37.894737,0.734379,0.738661,-0.004282
127.272727,42.631579,0.739495,0.738661,0.000835
127.272727,47.368421,0.743936,0.738661,0.005276
127.272727,52.105263,0.747226,0.738661,0.008565
127.272727,56.842105,0.749021,0.738661,0.010361
127.272727,61.578947,0.749071,0.738661,0.010410
127.272727,66.315789,0.747213,0.738661,0.008553
127.272727,71.052632,0.743483,0.738661,0.004822
127.272727,75.789474,0.738274,0.738661,-0.000387
127.272727,80.526316,0.732360,0.738661,-0.006300
127.272727,85.263158,0.726645,0.738661,-0.012016
127.272727,90.000000,0.721804,0.738661,-0.016857
129.090909,0.000000,0.738526,0.738526,0.000000
129.090909,4.736842,0.733941,0.738526,-0.004585
129.090909,9.473684,0.728477,0.738526,-0.010049
129.090909,14.210526,0.723986,0.738526,-0.014540
129.090909,18.947368,0.721756,0.738526,-0.016770
129.090909,23.684211,0.722219,0.738526,-0.016307
129.090909,28.421053,0.725076,0.738526,-0.013450
129.090909,33.157895,0.729594,0.738526,-0.008932
129.090909,37.894737,0.734893,0.738526,-0.003633
129.090909,42.631579,0.740154,0.738526,0.001628
129.090909,47.368421,0.744720,0.738526,0.006194
129.090909,52.105263,0.748105,0.738526,0.009579
129.090909,56.842105,0.749960,0.738526,0.011434
129.090909,61.578947,0.750025,0.738526,0.011499
129.090909,66.315789,0.748138,0.738526,0.009612
129.090909,71.052632,0.744339,0.738526,0.005813
129.090909,75.789474,0.739039,0.738526,0.000513
129.090909,80.526316,0.733033,0.738526,-0.005493
129.090909,85.263158,0.727236,0.738526,-0.011290
129.090909,90.000000,0.722330,0.738526,-0.016196
130.909091,0.000000,0.738368,0.738368,0.000000
130.909091,4.736842,0.733732,0.738368,-0.004636
130.909091,9.473684,0.728280,0.738368,-0.010087
130.909091,14.210526,0.723857,0.738368,-0.014511
130.909091,18.947368,0.721737,0.738368,-0.016631
130.909091,23.684211,0.722338,0.738368,-0.016029
130.909091,28.421053,0.725349,0.738368,-0.013019
130.909091,33.157895,0.730021,0.738368,-0.008347
130.909091,37.894737,0.735464,0.738368,-0.002903
130.909091,42.631579,0.740851,0.738368,0.002483
130.909091,47.368421,0.745515,0.738368,0.007147
130.909091,52.105263,0.748964,0.738368,0.010597
130.909091,56.842105,0.750846,0.738368,0.012479
130.909091,61.578947,0.750898,0.738368,0.012531
130.909091,66.315789,0.748960,0.738368,0.010593
130.909091,71.052632,0.745085,0.738368,0.006717
130.909091,75.789474,0.739700,0.738368,0.001332
130.909091,80.526316,0.733617,0.738368,-0.004751
130.909091,85.263158,0.727760,0.738368,-0.010607
130.909091,90.000000,0.722812,0.738368,-0.015556
132.727273,0.000000,0.738189,0.738189,0.000000
132.727273,4.736842,0.733520,0.738189,-0.004669
132.727273,9.473684,0.728102,0.738189,-0.010087
132.727273,14.210526,0.723769,0.738189,-0.014420
132.727273,18.947368,0.721777,0.738189,-0.016412
132.727273,23.684211,0.722529,0.738189,-0.015660
132.727273,28.421053,0.725697,0.738189,-0.012492
132.727273,33.157895,0.730519,0.738189,-0.007670
132.727273,37.894737,0.736094,0.738189,-0.002095
132.727273,42.631579,0.741583,0.738189,0.003394
132.727273,47.368421,0.746316,0.738189,0.008127
132.727273,52.105263,0.749796,0.738189,0.011608
132.727273,56.842105,0.751671,0.738189,0.013482
132.727273,61.578947,0.751679,0.738189,0.013490
132.727273,66.315789,0.749670,0.738189,0.011481
132.727273,71.052632,0.745710,0.738189,0.007521
132.727273,75.789474,0.740246,0.738189,0.002057
132.727273,80.526316,0.734103,0.738189,-0.004086
132.727273,85.263158,0.728210,0.738189,-0.009979
132.727273,90.000000,0.723241,0.738189,-0.014948
134.545455,0.000000,0.737994,0.737994,0.000000
134.545455,4.736842,0.733309,0.737994,-0.004685
134.545455,9.473684,0.727947,0.737994,-0.010046
134.545455,14.210526,0.723726,0.737994,-0.014268
134.545455,18.947368,0.721881,0.737994,-0.016113
134.545455,23.684211,0.722795,0.737994,-0.015199
134.545455,28.421053,0.726123,0.737994,-0.011871
134.545455,33.157895,0.731089,0.737994,-0.006904
134.545455,37.894737,0.736780,0.737994,-0.001214
134.545455,42.631579,0.742348,0.737994,0.004355
134.545455,47.368421,0.747118,0.737994,0.009124
134.545455,52.105263,0.750594,0.737994,0.012600
134.545455,56.842105,0.752424,0.737994,0.014430
134.545455,61.578947,0.752357,0.737994,0.014363
134.545455,66.315789,0.750255,0.737994,0.012261
134.545455,71.052632,0.746204,0.737994,0.008211
134.545455,75.789474,0.740669,0.737994,0.002675
134.545455,80.526316,0.734484,0.737994,-0.003510
134.545455,85.263158,0.728576,0.737994,-0.009417
134.545455,90.000000,0.723612,0.737994,-0.014382
136.363636,0.000000,0.737786,0.737786,0.000000
136.363636,4.736842,0.733103,0.737786,-0.004682
136.363636,9.473684,0.727820,0.737786,-0.009966
136.363636,14.210526,0.723732,0.737786,-0.014054
136.363636,18.947368,0.722052,0.737786,-0.015734
136.363636,23.684211,0.723139,0.737786,-0.014647
136.363636,28.421053,0.726630,0.737786,-0.011156
136.363636,33.157895,0.731733,0.737786,-0.006053
136.363636,37.894737,0.737521,0.737786,-0.000264
136.363636,42.631579,0.743142,0.737786,0.005356
136.363636,47.368421,0.747915,0.737786,0.010129
136.363636,52.105263,0.751348,0.737786,0.013562
136.363636,56.842105,0.753097,0.737786,0.015311
136.363636,61.578947,0.752922,0.737786,0.015136
136.363636,66.315789,0.750707,0.737786,0.012921
136.363636,71.052632,0.746559,0.737786,0.008773
136.363636,75.789474,0.740960,0.737786,0.003175
136.363636,80.526316,0.734753,0.737786,-0.003033
136.363636,85.263158,0.728854,0.737786,-0.008931
136.363636,90.000000,0.723918,0.737786,-0.013868
138.181818,0.000000,0.737571,0.737571,0.000000
138.181818,4.736842,0.732909,0.737571,-0.004662
138.181818,9.473684,0.727726,0.737571,-0.009844
138.181818,14.210526,0.723794,0.737571,-0.013777
138.181818,18.947368,0.722296,0.737571,-0.015275
138.181818,23.684211,0.723565,0.737571,-0.014005
138.181818,28.421053,0.727219,0.737571,-0.010351
138.181818,33.157895,0.732450,0.737571,-0.005121
138.181818,37.894737,0.738317,0.737571,0.000747
138.181818,42.631579,0.743961,0.737571,0.006391
138.181818,47.368421,0.748702,0.737571,0.011131
138.181818,52.105263,0.752052,0.737571,0.014482
138.181818,56.842105,0.753680,0.737571,0.016110
138.181818,61.578947,0.753366,0.737571,0.015796
138.181818,66.315789,0.751017,0.737571,0.013446
138.181818,71.052632,0.746766,0.737571,0.009196
138.181818,75.789474,0.741115,0.737571,0.003544
138.181818,80.526316,0.734904,0.737571,-0.002667
138.181818,85.263158,0.729040,0.737571,-0.008531
138.181818,90.000000,0.724154,0.737571,-0.013417
140.000000,0.000000,0.737353,0.737353,0.000000
140.000000,4.736842,0.732731,0.737353,-0.004622
140.000000,9.473684,0.727672,0.737353,-0.009682
140.000000,14.210526,0.723917,0.737353,-0.013437
140.000000,18.947368,0.722616,0.737353,-0.014737
140.000000,23.684211,0.724078,0.737353,-0.013275
140.000000,28.421053,0.727894,0.737353,-0.009459
140.000000,33.157895,0.733240,0.737353,-0.004113
140.000000,37.894737,0.739165,0.737353,0.001811
140.000000,42.631579,0.744801,0.737353,0.007448
140.000000,47.368421,0.749471,0.737353,0.012118
140.000000,52.105263,0.752699,0.737353,0.015345
140.000000,56.842105,0.754167,0.737353,0.016814
140.000000,61.578947,0.753681,0.737353,0.016328
140.000000,66.315789,0.751179,0.737353,0.013826
140.000000,71.052632,0.746823,0.737353,0.009470
140.000000,75.789474,0.741129,0.737353,0.003775
140.000000,80.526316,0.734935,0.737353,-0.002418
140.000000,85.263158,0.729128,0.737353,-0.008225
140.000000,90.000000,0.724317,0.737353,-0.013036
141.818182,0.000000,0.737140,0.737140,0.000000
141.818182,4.736842,0.732577,0.737140,-0.004563
141.818182,9.473684,0.727663,0.737140,-0.009477
141.818182,14.210526,0.724106,0.737140,-0.013034
141.818182,18.947368,0.723020,0.737140,-0.014120
141.818182,23.684211,0.724680,0.737140,-0.012460
141.818182,28.421053,0.728657,0.737140,-0.008483
141.818182,33.157895,0.734104,0.737140,-0.003035
141.818182,37.894737,0.740061,0.737140,0.002921
141.818182,42.631579,0.745656,0.737140,0.008516
141.818182,47.368421,0.750217,0.737140,0.013077
141.818182,52.105263,0.753279,0.737140,0.016139
141.818182,56.842105,0.754549,0.737140,0.017409
141.818182,61.578947,0.753862,0.737140,0.016722
141.818182,66.315789,0.751189,0.737140,0.014049
141.818182,71.052632,0.746725,0.737140,0.009585
141.818182,75.789474,0.741000,0.737140,0.003860
141.818182,80.526316,0.734844,0.737140,-0.002295
141.818182,85.263158,0.729119,0.737140,-0.008021
141.818182,90.000000,0.724405,0.737140,-0.012734
143.636364,0.000000,0.736937,0.736937,0.000000
143.636364,4.736842,0.732452,0.736937,-0.004485
143.636364,9.473684,0.727706,0.736937,-0.009231
143.636364,14.210526,0.724368,0.736937,-0.012569
143.636364,18.947368,0.723510,0.736937,-0.013427
143.636364,23.684211,0.725376,0.736937,-0.011561
143.636364,28.421053,0.729508,0.736937,-0.007429
143.636364,33.157895,0.735041,0.736937,-0.001896
143.636364,37.894737,0.741003,0.736937,0.004066
143.636364,42.631579,0.746521,0.736937,0.009584
143.636364,47.368421,0.750930,0.736937,0.013993
143.636364,52.105263,0.753785,0.736937,0.016848
143.636364,56.842105,0.754819,0.736937,0.017882
143.636364,61.578947,0.753903,0.736937,0.016965
143.636364,66.315789,0.751045,0.736937,0.014108
143.636364,71.052632,0.746474,0.736937,0.009537
143.636364,75.789474,0.740730,0.736937,0.003793
143.636364,80.526316,0.734633,0.736937,-0.002304
143.636364,85.263158,0.729011,0.736937,-0.007926
143.636364,90.000000,0.724417,0.736937,-0.012520
145.454545,0.000000,0.736752,0.736752,0.000000
145.454545,4.736842,0.732365,0.736752,-0.004387
145.454545,9.473684,0.727809,0.736752,-0.008943
145.454545,14.210526,0.724709,0.736752,-0.012043
145.454545,18.947368,0.724094,0.736752,-0.012658
145.454545,23.684211,0.726169,0.736752,-0.010583
145.454545,28.421053,0.730449,0.736752,-0.006303
145.454545,33.157895,0.736049,0.736752,-0.000703
145.454545,37.894737,0.741987,0.736752,0.005235
145.454545,42.631579,0.747390,0.736752,0.010638
145.454545,47.368421,0.751605,0.736752,0.014853
145.454545,52.105263,0.754211,0.736752,0.017459
145.454545,56.842105,0.754973,0.736752,0.018221
145.454545,61.578947,0.753801,0.736752,0.017049
145.454545,66.315789,0.750747,0.736752,0.013995
145.454545,71.052632,0.746069,0.736752,0.009317
145.454545,75.789474,0.740322,0.736752,0.003570
145.454545,80.526316,0.734302,0.736752,-0.002450
145.454545,85.263158,0.728806,0.736752,-0.007946
145.454545,90.000000,0.724351,0.736752,-0.012401
147.272727,0.000000,0.736593,0.736593,0.000000
147.272727,4.736842,0.732324,0.736593,-0.004268
147.272727,9.473684,0.727980,0.736593,-0.008613
147.272727,14.210526,0.725137,0.736593,-0.011455
147.272727,18.947368,0.724777,0.736593,-0.011816
147.272727,23.684211,0.727063,0.736593,-0.009530
147.272727,28.421053,0.731481,0.736593,-0.005112
147.272727,33.157895,0.737126,0.736593,0.000534
147.272727,37.894737,0.743007,0.736593,0.006414
147.272727,42.631579,0.748255,0.736593,0.011662
147.272727,47.368421,0.752234,0.736593,0.015641
147.272727,52.105263,0.754550,0.736593,0.017957
147.272727,56.842105,0.755005,0.736593,0.018413
147.272727,61.578947,0.753555,0.736593,0.016963
147.272727,66.315789,0.750295,0.736593,0.013703
147.272727,71.052632,0.745517,0.736593,0.008924
147.272727,75.789474,0.739778,0.736593,0.003186
147.272727,80.526316,0.733856,0.736593,-0.002736
147.272727,85.263158,0.728507,0.736593,-0.008085
147.272727,90.000000,0.724211,0.736593,-0.012382
149.090909,0.000000,0.736467,0.736467,0.000000
149.090909,4.736842,0.732337,0.736467,-0.004130
149.090909,9.473684,0.728226,0.736467,-0.008241
149.090909,14.210526,0.725658,0.736467,-0.010809
149.090909,18.947368,0.725562,0.736467,-0.010904
149.090909,23.684211,0.728060,0.736467,-0.008407
149.090909,28.421053,0.732604,0.736467,-0.003863
149.090909,33.157895,0.738269,0.736467,0.001803
149.090909,37.894737,0.744058,0.736467,0.007591
149.090909,42.631579,0.749109,0.736467,0.012642
149.090909,47.368421,0.752808,0.736467,0.016341
149.090909,52.105263,0.754794,0.736467,0.018328
149.090909,56.842105,0.754914,0.736467,0.018447
149.090909,61.578947,0.753167,0.736467,0.016700
149.090909,66.315789,0.749695,0.736467,0.013228
149.090909,71.052632,0.744822,0.736467,0.008355
149.090909,75.789474,0.739107,0.736467,0.002641
149.090909,80.526316,0.733302,0.736467,-0.003165
149.090909,85.263158,0.728118,0.736467,-0.008349
149.090909,90.000000,0.723996,0.736467,-0.012471
150.909091,0.000000,0.736384,0.736384,0.000000
150.909091,4.736842,0.732413,0.736384,-0.003971
150.909091,9.473684,0.728555,0.736384,-0.007829
150.909091,14.210526,0.726280,0.736384,-0.010104
150.909091,18.947368,0.726457,0.736384,-0.009927
150.909091,23.684211,0.729163,0.736384,-0.007221
150.909091,28.421053,0.733817,0.736384,-0.002567
150.909091,33.157895,0.739475,0.736384,0.003091
150.909091,37.894737,0.745133,0.736384,0.008749
150.909091,42.631579,0.749944,0.736384,0.013560
150.909091,47.368421,0.753320,0.736384,0.016936
150.909091,52.105263,0.754940,0.736384,0.018556
150.909091,56.842105,0.754695,0.736384,0.018311
150.909091,61.578947,0.752637,0.736384,0.016253
150.909091,66.315789,0.748952,0.736384,0.012568
150.909091,71.052632,0.743992,0.736384,0.007607
150.909091,75.789474,0.738317,0.736384,0.001932
150.909091,80.526316,0.732645,0.736384,-0.003739
150.909091,85.263158,0.727643,0.736384,-0.008741
150.909091,90.000000,0.723712,0.736384,-0.012672
152.727273,0.000000,0.736353,0.736353,0.000000
152.727273,4.736842,0.732562,0.736353,-0.003791
152.727273,9.473684,0.728978,0.736353,-0.007376
152.727273,14.210526,0.727009,0.736353,-0.009344
152.727273,18.947368,0.727466,0.736353,-0.008888
152.727273,23.684211,0.730374,0.736353,-0.005979
152.727273,28.421053,0.735119,0.736353,-0.001235
152.727273,33.157895,0.740737,0.736353,0.004384
152.727273,37.894737,0.746225,0.736353,0.009871
152.727273,42.631579,0.750752,0.736353,0.014398
152.727273,47.368421,0.753764,0.736353,0.017410
152.727273,52.105263,0.754983,0.736353,0.018629
152.727273,56.842105,0.754351,0.736353,0.017997
152.727273,61.578947,0.751970,0.736353,0.015617
152.727273,66.315789,0.748073,0.736353,0.011720
152.727273,71.052632,0.743036,0.736353,0.006682
152.727273,75.789474,0.737415,0.736353,0.001062
152.727273,80.526316,0.731894,0.736353,-0.004460
152.727273,85.263158,0.727090,0.736353,-0.009263
152.727273,90.000000,0.723362,0.736353,-0.012991
154.545455,0.000000,0.736385,0.736385,0.000000
154.545455,4.736842,0.732793,0.736385,-0.003592
154.545455,9.473684,0.729501,0.736385,-0.006883
154.545455,14.210526,0.727853,0.736385,-0.008532
154.545455,18.947368,0.728592,0.736385,-0.007793
154.545455,23.684211,0.731694,0.736385,-0.004691
154.545455,28.421053,0.736507,0.736385,0.000122
154.545455,33.157895,0.742051,0.736385,0.005666
154.545455,37.894737,0.747325,0.736385,0.010941
154.545455,42.631579,0.751523,0.736385,0.015138
154.545455,47.368421,0.754130,0.736385,0.017746
154.545455,52.105263,0.754917,0.736385,0.018533
154.545455,56.842105,0.753880,0.736385,0.017495
154.545455,61.578947,0.751172,0.736385,0.014787
154.545455,66.315789,0.747067,0.736385,0.010682
154.545455,71.052632,0.741965,0.736385,0.005580
154.545455,75.789474,0.736413,0.736385,0.000028
154.545455,80.526316,0.731057,0.736385,-0.005328
154.545455,85.263158,0.726465,0.736385,-0.009920
154.545455,90.000000,0.722951,0.736385,-0.013434
156.363636,0.000000,0.736489,0.736489,0.000000
156.363636,4.736842,0.733117,0.736489,-0.003372
156.363636,9.473684,0.730136,0.736489,-0.006353
156.363636,14.210526,0.728818,0.736489,-0.007671
156.363636,18.947368,0.729841,0.736489,-0.006648
156.363636,23.684211,0.733124,0.736489,-0.003365
156.363636,28.421053,0.737978,0.736489,0.001489
156.363636,33.157895,0.743409,0.736489,0.006920
156.363636,37.894737,0.748426,0.736489,0.011937
156.363636,42.631579,0.752250,0.736489,0.015761
156.363636,47.368421,0.754414,0.736489,0.017925
156.363636,52.105263,0.754742,0.736489,0.018253
156.363636,56.842105,0.753286,0.736489,0.016797
156.363636,61.578947,0.750249,0.736489,0.013760
156.363636,66.315789,0.745945,0.736489,0.009456
156.363636,71.052632,0.740791,0.736489,0.004302
156.363636,75.789474,0.735323,0.736489,-0.001166
156.363636,80.526316,0.730145,0.736489,-0.006344
156.363636,85.263158,0.725775,0.736489,-0.010714
156.363636,90.000000,0.722484,0.736489,-0.014005
158.181818,0.000000,0.736676,0.736676,0.000000
158.181818,4.736842,0.733544,0.736676,-0.003132
158.181818,9.473684,0.730889,0.736676,-0.005787
158.181818,14.210526,0.729912,0.736676,-0.006764
158.181818,18.947368,0.731216,0.736676,-0.005461
158.181818,23.684211,0.734662,0.736676,-0.002015
158.181818,28.421053,0.739526,0.736676,0.002850
158.181818,33.157895,0.744804,0.736676,0.008127
158.181818,37.894737,0.749515,0.736676,0.012839
158.181818,42.631579,0.752923,0.736676,0.016246
158.181818,47.368421,0.754608,0.736676,0.017932
158.181818,52.105263,0.754456,0.736676,0.017779
158.181818,56.842105,0.752571,0.736676,0.015895
158.181818,61.578947,0.749209,0.736676,0.012533
158.181818,66.315789,0.744717,0.736676,0.008040
158.181818,71.052632,0.739526,0.736676,0.002849
158.181818,75.789474,0.734155,0.736676,-0.002521
158.181818,80.526316,0.729168,0.736676,-0.007508
158.181818,85.263158,0.725030,0.736676,-0.011647
158.181818,90.000000,0.721968,0.736676,-0.014708
160.000000,0.000000,0.736958,0.736958,0.000000
160.000000,4.736842,0.734085,0.736958,-0.002874
160.000000,9.473684,0.731771,0.736958,-0.005187
160.000000,14.210526,0.731140,0.736958,-0.005818
160.000000,18.947368,0.732718,0.736958,-0.004241
160.000000,23.684211,0.736306,0.736958,-0.000652
160.000000,28.421053,0.741146,0.736958,0.004188
160.000000,33.157895,0.746225,0.736958,0.009266
160.000000,37.894737,0.750584,0.736958,0.013626
160.000000,42.631579,0.753531,0.736958,0.016573
160.000000,47.368421,0.754708,0.736958,0.017749
160.000000,52.105263,0.754057,0.736958,0.017098
160.000000,56.842105,0.751741,0.736958,0.014783
160.000000,61.578947,0.748061,0.736958,0.011103
160.000000,66.315789,0.743395,0.736958,0.006437
160.000000,71.052632,0.738182,0.736958,0.001223
160.000000,75.789474,0.732923,0.736958,-0.004036
160.000000,80.526316,0.728137,0.736958,-0.008822
160.000000,85.263158,0.724236,0.736958,-0.012722
160.000000,90.000000,0.721409,0.736958,-0.015549
161.818182,0.000000,0.737346,0.737346,0.000000
161.818182,4.736842,0.734749,0.737346,-0.002597
161.818182,9.473684,0.732790,0.737346,-0.004556
161.818182,14.210526,0.732508,0.737346,-0.004839
161.818182,18.947368,0.734348,0.737346,-0.002998
161.818182,23.684211,0.738053,0.737346,0.000707
161.818182,28.421053,0.742829,0.737346,0.005483
161.818182,33.157895,0.747661,0.737346,0.010315
161.818182,37.894737,0.751621,0.737346,0.014275
161.818182,42.631579,0.754068,0.737346,0.016722
161.818182,47.368421,0.754707,0.737346,0.017361
161.818182,52.105263,0.753546,0.737346,0.016200
161.818182,56.842105,0.750802,0.737346,0.013456
161.818182,61.578947,0.746816,0.737346,0.009470
161.818182,66.315789,0.741992,0.737346,0.004646
161.818182,71.052632,0.736773,0.737346,-0.000573
161.818182,75.789474,0.731637,0.737346,-0.005709
161.818182,80.526316,0.727061,0.737346,-0.010286
161.818182,85.263158,0.723404,0.737346,-0.013942
161.818182,90.000000,0.720813,0.737346,-0.016533
163.636364,0.000000,0.737851,0.737851,0.000000
163.636364,4.736842,0.735549,0.737851,-0.002302
163.636364,9.473684,0.733954,0.737851,-0.003897
163.636364,14.210526,0.734019,0.737851,-0.003832
163.636364,18.947368,0.736108,0.737851,-0.001744
163.636364,23.684211,0.739898,0.737851,0.002047
163.636364,28.421053,0.744566,0.737851,0.006715
163.636364,33.157895,0.749101,0.737851,0.011250
163.636364,37.894737,0.752614,0.737851,0.014762
163.636364,42.631579,0.754523,0.737851,0.016671
163.636364,47.368421,0.754603,0.737851,0.016751
163.636364,52.105263,0.752926,0.737851,0.015074
163.636364,56.842105,0.749760,0.737851,0.011909
163.636364,61.578947,0.745484,0.737851,0.007633
163.636364,66.315789,0.740520,0.737851,0.002669
163.636364,71.052632,0.735311,0.737851,-0.002540
163.636364,75.789474,0.730311,0.737851,-0.007540
163.636364,80.526316,0.725951,0.737851,-0.011901
163.636364,85.263158,0.722541,0.737851,-0.015310
163.636364,90.000000,0.720188,0.737851,-0.017664
165.454545,0.000000,0.738486,0.738486,0.000000
165.454545,4.736842,0.736494,0.738486,-0.001992
165.454545,9.473684,0.735270,0.738486,-0.003215
165.454545,14.210526,0.735678,0.738486,-0.002808
165.454545,18.947368,0.737993,0.738486,-0.000493
165.454545,23.684211,0.741833,0.738486,0.003347
165.454545,28.421053,0.746345,0.738486,0.007859
165.454545,33.157895,0.750532,0.738486,0.012046
165.454545,37.894737,0.753550,0.738486,0.015064
165.454545,42.631579,0.754887,0.738486,0.016402
165.454545,47.368421,0.754392,0.738486,0.015906
165.454545,52.105263,0.752198,0.738486,0.013713
165.454545,56.842105,0.748624,0.738486,0.010138
165.454545,61.578947,0.744076,0.738486,0.005591
165.454545,66.315789,0.738993,0.738486,0.000507
165.454545,71.052632,0.733810,0.738486,-0.004675
165.454545,75.789474,0.728956,0.738486,-0.009529
165.454545,80.526316,0.724817,0.738486,-0.013668
165.454545,85.263158,0.721656,0.738486,-0.016830
165.454545,90.000000,0.719539,0.738486,-0.018946
167.272727,0.000000,0.739260,0.739260,0.000000
167.272727,4.736842,0.737593,0.739260,-0.001667
167.272727,9.473684,0.736745,0.739260,-0.002515
167.272727,14.210526,0.737485,0.739260,-0.001775
167.272727,18.947368,0.740001,0.739260,0.000741
167.272727,23.684211,0.743848,0.739260,0.004588
167.272727,28.421053,0.748153,0.739260,0.008893
167.272727,33.157895,0.751938,0.739260,0.012678
167.272727,37.894737,0.754417,0.739260,0.015158
167.272727,42.631579,0.755154,0.739260,0.015895
167.272727,47.368421,0.754072,0.739260,0.014813
167.272727,52.105263,0.751367,0.739260,0.012108
167.272727,56.842105,0.747400,0.739260,0.008141
167.272727,61.578947,0.742604,0.739260,0.003344
167.272727,66.315789,0.737422,0.739260,-0.001838
167.272727,71.052632,0.732282,0.739260,-0.006977
167.272727,75.789474,0.727584,0.739260,-0.011676
167.272727,80.526316,0.723670,0.739260,-0.015590
167.272727,85.263158,0.720756,0.739260,-0.018503
167.272727,90.000000,0.718874,0.739260,-0.020386
169.090909,0.000000,0.740185,0.740185,0.000000
169.090909,4.736842,0.738854,0.740185,-0.001330
169.090909,9.473684,0.738383,0.740185,-0.001802
169.090909,14.210526,0.739440,0.740185,-0.000745
169.090909,18.947368,0.742124,0.740185,0.001940
169.090909,23.684211,0.745932,0.740185,0.005747
169.090909,28.421053,0.749974,0.740185,0.009789
169.090909,33.157895,0.753304,0.740185,0.013120
169.090909,37.894737,0.755203,0.740185,0.015019
169.090909,42.631579,0.755317,0.740185,0.015132
169.090909,47.368421,0.753643,0.740185,0.013458
169.090909,52.105263,0.750438,0.740185,0.010254
169.090909,56.842105,0.746100,0.740185,0.005915
169.090909,61.578947,0.741078,0.740185,0.000894
169.090909,66.315789,0.735820,0.740185,-0.004365
169.090909,71.052632,0.730739,0.740185,-0.009446
169.090909,75.789474,0.726204,0.740185,-0.013980
169.090909,80.526316,0.722518,0.740185,-0.017667
169.090909,85.263158,0.719850,0.740185,-0.020334
169.090909,90.000000,0.718198,0.740185,-0.021986
170.909091,0.000000,0.741270,0.741270,0.000000
170.909091,4.736842,0.740286,0.741270,-0.000984
170.909091,9.473684,0.740187,0.741270,-0.001084
170.909091,14.210526,0.741540,0.741270,0.000270
170.909091,18.947368,0.744354,0.741270,0.003084
170.909091,23.684211,0.748070,0.741270,0.006800
170.909091,28.421053,0.751791,0.741270,0.010521
170.909091,33.157895,0.754615,0.741270,0.013344
170.909091,37.894737,0.755896,0.741270,0.014626
170.909091,42.631579,0.755368,0.741270,0.014097
170.909091,47.368421,0.753105,0.741270,0.011834
170.909091,52.105263,0.749416,0.741270,0.008146
170.909091,56.842105,0.744731,0.741270,0.003461
170.909091,61.578947,0.739511,0.741270,-0.001759
170.909091,66.315789,0.734198,0.741270,-0.007072
170.909091,71.052632,0.729191,0.741270,-0.012079
170.909091,75.789474,0.724828,0.741270,-0.016442
170.909091,80.526316,0.721370,0.741270,-0.019900
170.909091,85.263158,0.718945,0.741270,-0.022325
170.909091,90.000000,0.717518,0.741270,-0.023752
172.727273,0.000000,0.742525,0.742525,0.000000
172.727273,4.736842,0.741894,0.742525,-0.000631
172.727273,9.473684,0.742157,0.742525,-0.000368
172.727273,14.210526,0.743779,0.742525,0.001254
172.727273,18.947368,0.746678,0.742525,0.004153
172.727273,23.684211,0.750245,0.742525,0.007720
172.727273,28.421053,0.753586,0.742525,0.011061
172.727273,33.157895,0.755852,0.742525,0.013327
172.727273,37.894737,0.756483,0.742525,0.013958
172.727273,42.631579,0.755302,0.742525,0.012777
172.727273,47.368421,0.752458,0.742525,0.009933
172.727273,52.105263,0.748308,0.742525,0.005783
172.727273,56.842105,0.743304,0.742525,0.000779
172.727273,61.578947,0.737913,0.742525,-0.004612
172.727273,66.315789,0.732568,0.742525,-0.009957
172.727273,71.052632,0.727649,0.742525,-0.014876
172.727273,75.789474,0.723464,0.742525,-0.019061
172.727273,80.526316,0.720233,0.742525,-0.022292
172.727273,85.263158,0.718047,0.742525,-0.024478
172.727273,90.000000,0.716839,0.742525,-0.025686
174.545455,0.000000,0.743957,0.743957,0.000000
174.545455,4.736842,0.743682,0.743957,-0.000275
174.545455,9.473684,0.744292,0.743957,0.000335
174.545455,14.210526,0.746148,0.743957,0.002192
174.545455,18.947368,0.749081,0.743957,0.005124
174.545455,23.684211,0.752436,0.743957,0.008480
174.545455,28.421053,0.755337,0.743957,0.011381
174.545455,33.157895,0.756998,0.743957,0.013042
174.545455,37.894737,0.756954,0.743957,0.012997
174.545455,42.631579,0.755117,0.743957,0.011160
174.545455,47.368421,0.751706,0.743957,0.007750
174.545455,52.105263,0.747121,0.743957,0.003164
174.545455,56.842105,0.741828,0.743957,-0.002128
174.545455,61.578947,0.736294,0.743957,-0.007662
174.545455,66.315789,0.730940,0.743957,-0.013016
174.545455,71.052632,0.726122,0.743957,-0.017834
174.545455,75.789474,0.722120,0.743957,-0.021837
174.545455,80.526316,0.719116,0.743957,-0.024841
174.545455,85.263158,0.717163,0.743957,-0.026794
174.545455,90.000000,0.716167,0.743957,-0.027790
176.363636,0.000000,0.745570,0.745570,0.000000
176.363636,4.736842,0.745649,0.745570,0.000079
176.363636,9.473684,0.746586,0.745570,0.001016
176.363636,14.210526,0.748635,0.745570,0.003065
176.363636,18.947368,0.751543,0.745570,0.005973
176.363636,23.684211,0.754622,0.745570,0.009053
176.363636,28.421053,0.757023,0.745570,0.011453
176.363636,33.157895,0.758037,0.745570,0.012467
176.363636,37.894737,0.757297,0.745570,0.011727
176.363636,42.631579,0.754809,0.745570,0.009239
176.363636,47.368421,0.750853,0.745570,0.005283
176.363636,52.105263,0.745863,0.745570,0.000293
176.363636,56.842105,0.740314,0.745570,-0.005256
176.363636,61.578947,0.734666,0.745570,-0.010904
176.363636,66.315789,0.729324,0.745570,-0.016246
176.363636,71.052632,0.724620,0.745570,-0.020950
176.363636,75.789474,0.720804,0.745570,-0.024766
176.363636,80.526316,0.718024,0.745570,-0.027546
176.363636,85.263158,0.716298,0.745570,-0.029272
176.363636,90.000000,0.715506,0.745570,-0.030064
178.181818,0.000000,0.747367,0.747367,0.000000
178.181818,4.736842,0.747793,0.747367,0.000426
178.181818,9.473684,0.749029,0.747367,0.001662
178.181818,14.210526,0.751222,0.747367,0.003855
178.181818,18.947368,0.754041,0.747367,0.006674
178.181818,23.684211,0.756777,0.747367,0.009410
178.181818,28.421053,0.758620,0.747367,0.011253
178.181818,33.157895,0.758950,0.747367,0.011583
178.181818,37.894737,0.757505,0.747367,0.010138
178.181818,42.631579,0.754376,0.747367,0.007009
178.181818,47.368421,0.749903,0.747367,0.002535
178.181818,52.105263,0.744541,0.747367,-0.002826
178.181818,56.842105,0.738771,0.747367,-0.008597
178.181818,61.578947,0.733038,0.747367,-0.014330
178.181818,66.315789,0.727728,0.747367,-0.019639
178.181818,71.052632,0.723150,0.747367,-0.024218
178.181818,75.789474,0.719523,0.747367,-0.027844
178.181818,80.526316,0.716963,0.747367,-0.030404
178.181818,85.263158,0.715457,0.747367,-0.031911
178.181818,90.000000,0.714860,0.747367,-0.032507
180.000000,0.000000,0.749347,0.749347,0.000000
180.000000,4.736842,0.750108,0.749347,0.000760
180.000000,9.473684,0.751606,0.749347,0.002259
180.000000,14.210526,0.753887,0.749347,0.004540
180.000000,18.947368,0.756549,0.749347,0.007201
180.000000,23.684211,0.758873,0.749347,0.009525
180.000000,28.421053,0.760104,0.749347,0.010757
180.000000,33.157895,0.759723,0.749347,0.010375
180.000000,37.894737,0.757570,0.749347,0.008222
180.000000,42.631579,0.753820,0.749347,0.004472
180.000000,47.368421,0.748861,0.749347,-0.000487
180.000000,52.105263,0.743165,0.749347,-0.006183
180.000000,56.842105,0.737207,0.749347,-0.012140
180.000000,61.578947,0.731418,0.749347,-0.017930
180.000000,66.315789,0.726160,0.749347,-0.023188
180.000000,71.052632,0.721718,0.749347,-0.027630
180.000000,75.789474,0.718283,0.749347,-0.031065
180.000000,80.526316,0.715939,0.749347,-0.033409
180.000000,85.263158,0.714644,0.749347,-0.034704
180.000000,90.000000,0.714233,0.749347,-0.035115
