phi_deg,theta_deg,delta_C_avg,delta_C_min
0.000000,0.000000,0.00000000,0.00000000
1.818182,0.000000,0.00000000,0.00000000
3.636364,0.000000,0.00000000,0.00000000
5.454545,0.000000,0.00000000,0.00000000
7.272727,0.000000,0.00000000,0.00000000
9.090909,0.000000,0.00000000,0.00000000
10.909091,0.000000,0.00000000,0.00000000
12.727273,0.000000,0.00000000,0.00000000
14.545455,0.000000,0.00000000,0.00000000
16.363636,0.000000,0.00000000,0.00000000
18.181818,0.000000,0.00000000,0.00000000
20.000000,0.000000,0.00000000,0.00000000
21.818182,0.000000,0.00000000,0.00000000
23.636364,0.000000,0.00000000,0.00000000
25.454545,0.000000,0.00000000,0.00000000
27.272727,0.000000,0.00000000,0.00000000
29.090909,0.000000,0.00000000,0.00000000
30.909091,0.000000,0.00000000,0.00000000
32.727273,0.000000,0.00000000,0.00000000
34.545455,0.000000,0.00000000,0.00000000
36.363636,0.000000,0.00000000,0.00000000
38.181818,0.000000,0.00000000,0.00000000
40.000000,0.000000,0.00000000,0.00000000
41.818182,0.000000,0.00000000,0.00000000
43.636364,0.000000,0.00000000,0.00000000
45.454545,0.000000,0.00000000,0.00000000
47.272727,0.000000,0.00000000,0.00000000
49.090909,0.000000,0.00000000,0.00000000
50.909091,0.000000,0.00000000,0.00000000
52.727273,0.000000,0.00000000,0.00000000
54.545455,0.000000,0.00000000,0.00000000
56.363636,0.000000,0.00000000,0.00000000
58.181818,0.000000,0.00000000,0.00000000
60.000000,0.000000,0.00000000,0.00000000
61.818182,0.000000,0.00000000,0.00000000
63.636364,0.000000,0.00000000,0.00000000
65.454545,0.000000,0.00000000,0.00000000
67.272727,0.000000,0.00000000,0.00000000
69.090909,0.000000,0.00000000,0.00000000
70.909091,0.000000,0.00000000,0.00000000
72.727273,0.000000,0.00000000,0.00000000
74.545455,0.000000,0.00000000,0.00000000
76.363636,0.000000,0.00000000,0.00000000
78.181818,0.000000,0.00000000,0.00000000
80.000000,0.000000,0.00000000,0.00000000
81.818182,0.000000,0.00000000,0.00000000
83.636364,0.000000,0.00000000,0.00000000
85.454545,0.000000,0.00000000,0.00000000
87.272727,0.000000,0.00000000,0.00000000
89.090909,0.000000,0.00000000,0.00000000
90.909091,0.000000,0.00000000,0.00000000
92.727273,0.000000,0.00000000,0.00000000
94.545455,0.000000,0.00000000,0.00000000
96.363636,0.000000,0.00000000,0.00000000
98.181818,0.000000,0.00000000,0.00000000
100.000000,0.000000,0.00000000,0.00000000
101.818182,0.000000,0.00000000,0.00000000
103.636364,0.000000,0.00000000,0.00000000
105.454545,0.000000,0.00000000,0.00000000
107.272727,0.000000,0.00000000,0.00000000
109.090909,0.000000,0.00000000,0.00000000
110.909091,0.000000,0.00000000,0.00000000
112.727273,0.000000,0.00000000,0.00000000
114.545455,0.000000,0.00000000,0.00000000
116.363636,0.000000,0.00000000,0.00000000
118.181818,0.000000,0.00000000,0.00000000
120.000000,0.000000,0.00000000,0.00000000
121.818182,0.000000,0.00000000,0.00000000
123.636364,0.000000,0.00000000,0.00000000
125.454545,0.000000,0.00000000,0.00000000
127.272727,0.000000,0.00000000,0.00000000
129.090909,0.000000,0.00000000,0.00000000
130.909091,0.000000,0.00000000,0.00000000
132.727273,0.000000,0.00000000,0.00000000
134.545455,0.000000,0.00000000,0.00000000
136.363636,0.000000,0.00000000,0.00000000
138.181818,0.000000,0.00000000,0.00000000
140.000000,0.000000,0.00000000,0.00000000
141.818182,0.000000,0.00000000,0.00000000
143.636364,0.000000,0.00000000,0.00000000
145.454545,0.000000,0.00000000,0.00000000
147.272727,0.000000,0.00000000,0.00000000
149.090909,0.000000,0.00000000,0.00000000
150.909091,0.000000,0.00000000,0.00000000
152.727273,0.000000,0.00000000,0.00000000
154.545455,0.000000,0.00000000,0.00000000
156.363636,0.000000,0.00000000,0.00000000
158.181818,0.000000,0.00000000,0.00000000
160.000000,0.000000,0.00000000,0.00000000
161.818182,0.000000,0.00000000,0.00000000
163.636364,0.000000,0.00000000,0.00000000
165.454545,0.000000,0.00000000,0.00000000
167.272727,0.000000,0.00000000,0.00000000
169.090909,0.000000,0.00000000,0.00000000
170.909091,0.000000,0.00000000,0.00000000
172.727273,0.000000,0.00000000,0.00000000
174.545455,0.000000,0.00000000,0.00000000
176.363636,0.000000,0.00000000,0.00000000
178.181818,0.000000,0.00000000,0.00000000
180.000000,0.000000,0.00000000,0.00000000
0.000000,4.736842,-0.00041652,-0.02451035
1.818182,4.736842,-0.00072745,-0.02532173
3.636364,4.736842,-0.00103583,-0.02609838
5.454545,4.736842,-0.00133539,-0.02682721
7.272727,4.736842,-0.00161892,-0.02677664
9.090909,4.736842,-0.00187841,-0.02193896
10.909091,4.736842,-0.00210519,-0.01687285
12.727273,4.736842,-0.00229021,-0.01164752
14.545455,4.736842,-0.00242441,-0.00634666
16.363636,4.736842,-0.00249928,-0.00106783
18.181818,4.736842,-0.00250742,0.00407937
20.000000,4.736842,-0.00244325,0.00897630
21.818182,4.736842,-0.00230369,0.01349956
23.636364,4.736842,-0.00208872,0.01752653
25.454545,4.736842,-0.00180176,0.02094173
27.272727,4.736842,-0.00144983,0.02324517
29.090909,4.736842,-0.00104328,0.02296012
30.909091,4.736842,-0.00059520,0.02264339
32.727273,4.736842,-0.00012062,0.02229531
34.545455,4.736842,0.00036464,0.02191628
36.363636,4.736842,0.00084497,0.02150674
38.181818,4.736842,0.00130607,0.02106720
40.000000,4.736842,0.00173567,0.01937206
41.818182,4.736842,0.00212403,0.01585120
43.636364,4.736842,0.00246418,0.01187649
45.454545,4.736842,0.00275182,0.00756733
47.272727,4.736842,0.00298506,0.00304099
49.090909,4.736842,0.00316401,-0.00159212
50.909091,4.736842,0.00329038,-0.00623188
52.727273,4.736842,0.00336699,-0.00981621
54.545455,4.736842,0.00339740,-0.00907771
56.363636,4.736842,0.00338556,-0.00840167
58.181818,4.736842,0.00333558,-0.00778094
60.000000,4.736842,0.00325151,-0.00720847
61.818182,4.736842,0.00313726,-0.00667759
63.636364,4.736842,0.00299646,-0.00618215
65.454545,4.736842,0.00283247,-0.00571661
67.272727,4.736842,0.00264834,-0.00527604
69.090909,4.736842,0.00244684,-0.00485613
70.909091,4.736842,0.00223046,-0.00445314
72.727273,4.736842,0.00200143,-0.00406383
74.545455,4.736842,0.00176177,-0.00368545
76.363636,4.736842,0.00151328,-0.00331562
78.181818,4.736842,0.00125761,-0.00295233
80.000000,4.736842,0.00099626,-0.00259386
81.818182,4.736842,0.00073060,-0.00223874
83.636364,4.736842,0.00046189,-0.00188571
85.454545,4.736842,0.00019132,-0.00153369
87.272727,4.736842,-0.00008003,-0.00118172
89.090909,4.736842,-0.00035111,-0.00082900
90.909091,4.736842,-0.00062094,-0.00047477
92.727273,4.736842,-0.00088859,-0.00011840
94.545455,4.736842,-0.00115316,0.00024071
96.363636,4.736842,-0.00141380,0.00060311
98.181818,4.736842,-0.00166967,0.00096929
100.000000,4.736842,-0.00191997,0.00133975
101.818182,4.736842,-0.00216391,0.00171493
103.636364,4.736842,-0.00240074,0.00209528
105.454545,4.736842,-0.00262972,0.00248123
107.272727,4.736842,-0.00285013,0.00287322
109.090909,4.736842,-0.00306126,0.00327167
110.909091,4.736842,-0.00326242,0.00367702
112.727273,4.736842,-0.00345295,0.00408970
114.545455,4.736842,-0.00363218,0.00451016
116.363636,4.736842,-0.00379947,0.00493885
118.181818,4.736842,-0.00395418,0.00537622
120.000000,4.736842,-0.00409572,0.00582276
121.818182,4.736842,-0.00422347,0.00627894
123.636364,4.736842,-0.00433686,0.00674526
125.454545,4.736842,-0.00443531,0.00722223
127.272727,4.736842,-0.00451826,0.00771036
129.090909,4.736842,-0.00458517,0.00821019
130.909091,4.736842,-0.00463553,0.00872224
132.727273,4.736842,-0.00466884,0.00924705
134.545455,4.736842,-0.00468459,0.00978517
136.363636,4.736842,-0.00468234,0.01033714
138.181818,4.736842,-0.00466165,0.01090347
140.000000,4.736842,-0.00462211,0.01148468
141.818182,4.736842,-0.00456333,0.01208126
143.636364,4.736842,-0.00448499,0.01269367
145.454545,4.736842,-0.00438678,0.01332229
147.272727,4.736842,-0.00426847,0.01396746
149.090909,4.736842,-0.00412987,0.01462943
150.909091,4.736842,-0.00397089,0.01530832
152.727273,4.736842,-0.00379150,0.01600412
154.545455,4.736842,-0.00359180,0.01671664
156.363636,4.736842,-0.00337200,0.01744545
158.181818,4.736842,-0.00313249,0.01818986
160.000000,4.736842,-0.00287381,0.01851469
161.818182,4.736842,-0.00259675,0.01752100
163.636364,4.736842,-0.00230234,0.01631604
165.454545,4.736842,-0.00199191,0.01487674
167.272727,4.736842,-0.00166718,0.01318052
169.090909,4.736842,-0.00133025,0.01120576
170.909091,4.736842,-0.00098371,0.00893241
172.727273,4.736842,-0.00063072,0.00634269
174.545455,4.736842,-0.00027501,0.00342201
176.363636,4.736842,0.00007897,0.00015993
178.181818,4.736842,0.00042609,-0.00344861
180.000000,4.736842,0.00076043,-0.00740204
0.000000,9.473684,-0.00096981,-0.04585403
1.818182,9.473684,-0.00152455,-0.04759442
3.636364,9.473684,-0.00209314,-0.04929678
5.454545,9.473684,-0.00266531,-0.05093853
7.272727,9.473684,-0.00322882,-0.05177655
9.090909,9.473684,-0.00376949,-0.04778946
10.909091,9.473684,-0.00427134,-0.04352008
12.727273,9.473684,-0.00471693,-0.03901968
14.545455,9.473684,-0.00508793,-0.03435238
16.363636,9.473684,-0.00536590,-0.02959500
18.181818,9.473684,-0.00553337,-0.02483615
20.000000,9.473684,-0.00557504,-0.02017438
21.818182,9.473684,-0.00547912,-0.01571518
23.636364,9.473684,-0.00523870,-0.01156699
25.454545,9.473684,-0.00485283,-0.00783625
27.272727,9.473684,-0.00432724,-0.00462181
29.090909,9.473684,-0.00367452,-0.00200918
30.909091,9.473684,-0.00291366,-0.00006517
32.727273,9.473684,-0.00206893,0.00116645
34.545455,9.473684,-0.00116828,0.00166778
36.363636,9.473684,-0.00024136,0.00144780
38.181818,9.473684,0.00068242,0.00054125
40.000000,9.473684,0.00157573,-0.00099415
41.818182,9.473684,0.00241476,-0.00308208
43.636364,9.473684,0.00318008,-0.00563282
45.454545,9.473684,0.00385712,-0.00854878
47.272727,9.473684,0.00443608,-0.01172987
49.090909,9.473684,0.00491159,-0.01507821
50.909091,9.473684,0.00528205,-0.01850187
52.727273,9.473684,0.00554893,-0.02094313
54.545455,9.473684,0.00571604,-0.01913590
56.363636,9.473684,0.00578883,-0.01746432
58.181818,9.473684,0.00577387,-0.01591827
60.000000,9.473684,0.00567827,-0.01448656
61.818182,9.473684,0.00550941,-0.01315759
63.636364,9.473684,0.00527463,-0.01191992
65.454545,9.473684,0.00498105,-0.01076260
67.272727,9.473684,0.00463546,-0.00967540
69.090909,9.473684,0.00424425,-0.00864891
70.909091,9.473684,0.00381337,-0.00767462
72.727273,9.473684,0.00334837,-0.00674490
74.545455,9.473684,0.00285436,-0.00585291
76.363636,9.473684,0.00233607,-0.00499264
78.181818,9.473684,0.00179789,-0.00415873
80.000000,9.473684,0.00124385,-0.00334649
81.818182,9.473684,0.00067771,-0.00255176
83.636364,9.473684,0.00010297,-0.00177087
85.454545,9.473684,-0.00047713,-0.00100057
87.272727,9.473684,-0.00105953,-0.00023797
89.090909,9.473684,-0.00164139,0.00051951
90.909091,9.473684,-0.00222000,0.00127418
92.727273,9.473684,-0.00279283,0.00202812
94.545455,9.473684,-0.00335748,0.00278325
96.363636,9.473684,-0.00391167,0.00354129
98.181818,9.473684,-0.00445324,0.00430388
100.000000,9.473684,-0.00498012,0.00507249
101.818182,9.473684,-0.00549035,0.00584855
103.636364,9.473684,-0.00598206,0.00663340
105.454545,9.473684,-0.00645345,0.00742830
107.272727,9.473684,-0.00690280,0.00823449
109.090909,9.473684,-0.00732850,0.00905316
110.909091,9.473684,-0.00772896,0.00988548
112.727273,9.473684,-0.00810270,0.01073257
114.545455,9.473684,-0.00844828,0.01103899
116.363636,9.473684,-0.00876435,0.00938441
118.181818,9.473684,-0.00904960,0.00783328
120.000000,9.473684,-0.00930279,0.00638849
121.818182,9.473684,-0.00952275,0.00505165
123.636364,9.473684,-0.00970837,0.00382320
125.454545,9.473684,-0.00985859,0.00270230
127.272727,9.473684,-0.00997241,0.00168694
129.090909,9.473684,-0.01004892,0.00077385
130.909091,9.473684,-0.01008726,-0.00004148
132.727273,9.473684,-0.01008664,-0.00076478
134.545455,9.473684,-0.01004635,-0.00140303
136.363636,9.473684,-0.00996574,-0.00196446
138.181818,9.473684,-0.00984429,-0.00245857
140.000000,9.473684,-0.00968154,-0.00289611
141.818182,9.473684,-0.00947716,-0.00328910
143.636364,9.473684,-0.00923093,-0.00365083
145.454545,9.473684,-0.00894278,-0.00399585
147.272727,9.473684,-0.00861279,-0.00433996
149.090909,9.473684,-0.00824125,-0.00470019
150.909091,9.473684,-0.00782864,-0.00509479
152.727273,9.473684,-0.00737570,-0.00554313
154.545455,9.473684,-0.00688349,-0.00606572
156.363636,9.473684,-0.00635338,-0.00668404
158.181818,9.473684,-0.00578717,-0.00742048
160.000000,9.473684,-0.00518712,-0.00829815
161.818182,9.473684,-0.00455604,-0.00934071
163.636364,9.473684,-0.00389738,-0.01057209
165.454545,9.473684,-0.00321531,-0.01201619
167.272727,9.473684,-0.00251485,-0.01369646
169.090909,9.473684,-0.00180194,-0.01563540
170.909091,9.473684,-0.00108360,-0.01785398
172.727273,9.473684,-0.00036800,-0.02037088
174.545455,9.473684,0.00033544,-0.02320163
176.363636,9.473684,0.00101599,-0.02635761
178.181818,9.473684,0.00166155,-0.02984482
180.000000,9.473684,0.00225875,-0.03366264
0.000000,14.210526,-0.00197325,-0.06421547
1.818182,14.210526,-0.00269264,-0.06692986
3.636364,14.210526,-0.00345363,-0.06962431
5.454545,14.210526,-0.00424408,-0.07227007
7.272727,14.210526,-0.00504886,-0.07411590
9.090909,14.210526,-0.00584974,-0.07113010
10.909091,14.210526,-0.00662542,-0.06784274
12.727273,14.210526,-0.00735181,-0.06428980
14.545455,14.210526,-0.00800257,-0.06051759
16.363636,14.210526,-0.00855004,-0.05658281
18.181818,14.210526,-0.00896648,-0.05255210
20.000000,14.210526,-0.00922569,-0.04850092
21.818182,14.210526,-0.00930487,-0.04451164
23.636364,14.210526,-0.00918660,-0.04067082
25.454545,14.210526,-0.00886067,-0.03706576
27.272727,14.210526,-0.00832561,-0.03378051
29.090909,14.210526,-0.00758958,-0.03089150
30.909091,14.210526,-0.00667043,-0.02846331
32.727273,14.210526,-0.00559490,-0.02654494
34.545455,14.210526,-0.00439697,-0.02516687
36.363636,14.210526,-0.00311559,-0.02433947
38.181818,14.210526,-0.00179205,-0.02405272
40.000000,14.210526,-0.00046732,-0.02427739
41.818182,14.210526,0.00082031,-0.02496745
43.636364,14.210526,0.00203712,-0.02606342
45.454545,14.210526,0.00315510,-0.02749634
47.272727,14.210526,0.00415261,-0.02919178
49.090909,14.210526,0.00501436,-0.03107377
50.909091,14.210526,0.00573099,-0.03306819
52.727273,14.210526,0.00629836,-0.03413091
54.545455,14.210526,0.00671671,-0.03100549
56.363636,14.210526,0.00698974,-0.02808220
58.181818,14.210526,0.00712374,-0.02535409
60.000000,14.210526,0.00712686,-0.02281069
61.818182,14.210526,0.00700845,-0.02043925
63.636364,14.210526,0.00677853,-0.01822576
65.454545,14.210526,0.00644741,-0.01615575
67.272727,14.210526,0.00602538,-0.01421480
69.090909,14.210526,0.00552251,-0.01238899
70.909091,14.210526,0.00494850,-0.01066513
72.727273,14.210526,0.00431260,-0.00903090
74.545455,14.210526,0.00362357,-0.00747494
76.363636,14.210526,0.00288964,-0.00598684
78.181818,14.210526,0.00211854,-0.00455715
80.000000,14.210526,0.00131750,-0.00317729
81.818182,14.210526,0.00049328,-0.00183952
83.636364,14.210526,-0.00034779,-0.00053685
85.454545,14.210526,-0.00119982,0.00073703
87.272727,14.210526,-0.00205729,0.00198781
89.090909,14.210526,-0.00291503,0.00322066
90.909091,14.210526,-0.00376822,0.00444025
92.727273,14.210526,-0.00461230,0.00565084
94.545455,14.210526,-0.00544303,0.00685634
96.363636,14.210526,-0.00625640,0.00806032
98.181818,14.210526,-0.00704866,0.00926609
100.000000,14.210526,-0.00781627,0.01047669
101.818182,14.210526,-0.00855590,0.01169501
103.636364,14.210526,-0.00926440,0.00996900
105.454545,14.210526,-0.00993883,0.00696992
107.272727,14.210526,-0.01057639,0.00405687
109.090909,14.210526,-0.01117447,0.00124102
110.909091,14.210526,-0.01173059,-0.00146778
112.727273,14.210526,-0.01224243,-0.00406105
114.545455,14.210526,-0.01270781,-0.00653163
116.363636,14.210526,-0.01312468,-0.00887368
118.181818,14.210526,-0.01349112,-0.01108267
120.000000,14.210526,-0.01380536,-0.01315538
121.818182,14.210526,-0.01406573,-0.01508991
123.636364,14.210526,-0.01427071,-0.01688563
125.454545,14.210526,-0.01441889,-0.01854323
127.272727,14.210526,-0.01450899,-0.02006469
129.090909,14.210526,-0.01453988,-0.02145328
130.909091,14.210526,-0.01451057,-0.02271358
132.727273,14.210526,-0.01442019,-0.02385147
134.545455,14.210526,-0.01426804,-0.02487416
136.363636,14.210526,-0.01405361,-0.02579014
138.181818,14.210526,-0.01377654,-0.02660923
140.000000,14.210526,-0.01343669,-0.02734260
141.818182,14.210526,-0.01303416,-0.02800271
143.636364,14.210526,-0.01256929,-0.02860335
145.454545,14.210526,-0.01204270,-0.02915965
147.272727,14.210526,-0.01145536,-0.02968801
149.090909,14.210526,-0.01080861,-0.03020614
150.909091,14.210526,-0.01010420,-0.03073301
152.727273,14.210526,-0.00934441,-0.03128877
154.545455,14.210526,-0.00853206,-0.03189474
156.363636,14.210526,-0.00767064,-0.03257327
158.181818,14.210526,-0.00676437,-0.03334765
160.000000,14.210526,-0.00581835,-0.03424197
161.818182,14.210526,-0.00483862,-0.03528085
163.636364,14.210526,-0.00383233,-0.03648926
165.454545,14.210526,-0.00280787,-0.03789217
167.272727,14.210526,-0.00177498,-0.03951411
169.090909,14.210526,-0.00074489,-0.04137870
170.909091,14.210526,0.00026957,-0.04350805
172.727273,14.210526,0.00125386,-0.04592201
174.545455,14.210526,0.00219173,-0.04863727
176.363636,14.210526,0.00306524,-0.05166639
178.181818,14.210526,0.00385488,-0.05501658
180.000000,14.210526,0.00453983,-0.05868836
0.000000,18.947368,-0.00347608,-0.08011614
1.818182,18.947368,-0.00430836,-0.08379370
3.636364,18.947368,-0.00521417,-0.08748136
5.454545,18.947368,-0.00618096,-0.09114665
7.272727,18.947368,-0.00719229,-0.09403287
9.090909,18.947368,-0.00822756,-0.09210084
10.909091,18.947368,-0.00926190,-0.08987088
12.727273,18.947368,-0.01026635,-0.08736672
14.545455,18.947368,-0.01120826,-0.08461974
16.363636,18.947368,-0.01205228,-0.08166908
18.181818,18.947368,-0.01276162,-0.07856140
20.000000,18.947368,-0.01329996,-0.07535013
21.818182,18.947368,-0.01363355,-0.07209434
23.636364,18.947368,-0.01373378,-0.06885695
25.454545,18.947368,-0.01357956,-0.06570257
27.272727,18.947368,-0.01315956,-0.06269484
29.090909,18.947368,-0.01247384,-0.05989363
30.909091,18.947368,-0.01153456,-0.05735205
32.727273,18.947368,-0.01036571,-0.05511383
34.545455,18.947368,-0.00900184,-0.05321106
36.363636,18.947368,-0.00748575,-0.05166263
38.181818,18.947368,-0.00586573,-0.05047355
40.000000,18.947368,-0.00419230,-0.04963508
41.818182,18.947368,-0.00251527,-0.04912585
43.636364,18.947368,-0.00088105,-0.04891356
45.454545,18.947368,0.00066935,-0.04895731
47.272727,18.947368,0.00210170,-0.04921017
49.090909,18.947368,0.00338908,-0.04962186
50.909091,18.947368,0.00451198,-0.05014115
52.727273,18.947368,0.00545784,-0.04974356
54.545455,18.947368,0.00622029,-0.04518870
56.363636,18.947368,0.00679825,-0.04087937
58.181818,18.947368,0.00719493,-0.03681781
60.000000,18.947368,0.00741692,-0.03299973
61.818182,18.947368,0.00747329,-0.02941602
63.636364,18.947368,0.00737487,-0.02605415
65.454545,18.947368,0.00713362,-0.02289940
67.272727,18.947368,0.00676213,-0.01993580
69.090909,18.947368,0.00627323,-0.01714689
70.909091,18.947368,0.00567969,-0.01451622
72.727273,18.947368,0.00499403,-0.01202777
74.545455,18.947368,0.00422835,-0.00966622
76.363636,18.947368,0.00339424,-0.00741707
78.181818,18.947368,0.00250272,-0.00526679
80.000000,18.947368,0.00156423,-0.00320276
81.818182,18.947368,0.00058862,-0.00121337
83.636364,18.947368,-0.00041489,0.00071209
85.454545,18.947368,-0.00143761,0.00258346
87.272727,18.947368,-0.00247143,0.00440976
89.090909,18.947368,-0.00350877,0.00619926
90.909091,18.947368,-0.00454251,0.00795955
92.727273,18.947368,-0.00556603,0.00969759
94.545455,18.947368,-0.00657312,0.01141981
96.363636,18.947368,-0.00755801,0.01313211
98.181818,18.947368,-0.00851527,0.01084311
100.000000,18.947368,-0.00943986,0.00685479
101.818182,18.947368,-0.01032707,0.00293194
103.636364,18.947368,-0.01117248,-0.00090934
105.454545,18.947368,-0.01197199,-0.00465446
107.272727,18.947368,-0.01272177,-0.00829024
109.090909,18.947368,-0.01341824,-0.01180499
110.909091,18.947368,-0.01405808,-0.01518841
112.727273,18.947368,-0.01463820,-0.01843166
114.545455,18.947368,-0.01515575,-0.02152726
116.363636,18.947368,-0.01560807,-0.02446914
118.181818,18.947368,-0.01599274,-0.02725262
120.000000,18.947368,-0.01630753,-0.02987438
121.818182,18.947368,-0.01655044,-0.03233244
123.636364,18.947368,-0.01671963,-0.03462620
125.454545,18.947368,-0.01681352,-0.03675639
127.272727,18.947368,-0.01683072,-0.03872511
129.090909,18.947368,-0.01677004,-0.04053577
130.909091,18.947368,-0.01663057,-0.04219317
132.727273,18.947368,-0.01641160,-0.04370341
134.545455,18.947368,-0.01611271,-0.04507398
136.363636,18.947368,-0.01573377,-0.04631370
138.181818,18.947368,-0.01527496,-0.04743277
140.000000,18.947368,-0.01473680,-0.04844274
141.818182,18.947368,-0.01412022,-0.04935653
143.636364,18.947368,-0.01342657,-0.05018841
145.454545,18.947368,-0.01265769,-0.05095402
147.272727,18.947368,-0.01181597,-0.05167035
149.090909,18.947368,-0.01090446,-0.05235569
150.909091,18.947368,-0.00992687,-0.05302965
152.727273,18.947368,-0.00888775,-0.05371307
154.545455,18.947368,-0.00779252,-0.05442797
156.363636,18.947368,-0.00664766,-0.05519747
158.181818,18.947368,-0.00546077,-0.05604566
160.000000,18.947368,-0.00424073,-0.05699744
161.818182,18.947368,-0.00299783,-0.05807831
163.636364,18.947368,-0.00174392,-0.05931415
165.454545,18.947368,-0.00049252,-0.06073082
167.272727,18.947368,0.00074103,-0.06235383
169.090909,18.947368,0.00193953,-0.06420780
170.909091,18.947368,0.00308385,-0.06631583
172.727273,18.947368,0.00415297,-0.06869880
174.545455,18.947368,0.00512410,-0.07137444
176.363636,18.947368,0.00597294,-0.07435636
178.181818,18.947368,0.00667403,-0.07765282
180.000000,18.947368,0.00720140,-0.08126540
0.000000,23.684211,-0.00533551,-0.09422508
1.818182,23.684211,-0.00626965,-0.09880798
3.636364,23.684211,-0.00730838,-0.10343503
5.454545,23.684211,-0.00843940,-0.10807153
7.272727,23.684211,-0.00964575,-0.11195705
9.090909,23.684211,-0.01090543,-0.11104698
10.909091,23.684211,-0.01219114,-0.10985423
12.727273,23.684211,-0.01347030,-0.10839292
14.545455,23.684211,-0.01470544,-0.10668247
16.363636,23.684211,-0.01585503,-0.10474761
18.181818,23.684211,-0.01687490,-0.10261827
20.000000,23.684211,-0.01772014,-0.10032907
21.818182,23.684211,-0.01834755,-0.09791862
23.636364,23.684211,-0.01871839,-0.09542848
25.454545,23.684211,-0.01880138,-0.09290184
27.272727,23.684211,-0.01857532,-0.09038198
29.090909,23.684211,-0.01803138,-0.08791057
30.909091,23.684211,-0.01717437,-0.08552596
32.727273,23.684211,-0.01602299,-0.08326149
34.545455,23.684211,-0.01460896,-0.08114410
36.363636,23.684211,-0.01297496,-0.07919319
38.181818,23.684211,-0.01117185,-0.07742001
40.000000,23.684211,-0.00925530,-0.07582743
41.818182,23.684211,-0.00728245,-0.07441028
43.636364,23.684211,-0.00530873,-0.07315609
45.454545,23.684211,-0.00338521,-0.07204619
47.272727,23.684211,-0.00155678,-0.07105704
49.090909,23.684211,0.00013917,-0.07016174
50.909091,23.684211,0.00167315,-0.06933149
52.727273,23.684211,0.00302359,-0.06756242
54.545455,23.684211,0.00417633,-0.06163243
56.363636,23.684211,0.00512382,-0.05595998
58.181818,23.684211,0.00586425,-0.05056017
60.000000,23.684211,0.00640051,-0.04543891
61.818182,23.684211,0.00673924,-0.04059469
63.636364,23.684211,0.00688999,-0.03602032
65.454545,23.684211,0.00686441,-0.03170442
67.272727,23.684211,0.00667558,-0.02763267
69.090909,23.684211,0.00633749,-0.02378883
70.909091,23.684211,0.00586456,-0.02015561
72.727273,23.684211,0.00527134,-0.01671526
74.545455,23.684211,0.00457225,-0.01345008
76.363636,23.684211,0.00378135,-0.01034277
78.181818,23.684211,0.00291222,-0.00737662
80.000000,23.684211,0.00197791,-0.00453575
81.818182,23.684211,0.00099080,-0.00180510
83.636364,23.684211,-0.00003735,0.00082945
85.454545,23.684211,-0.00109544,0.00338109
87.272727,23.684211,-0.00217305,0.00586213
89.090909,23.684211,-0.00326038,0.00828401
90.909091,23.684211,-0.00434827,0.01065734
92.727273,23.684211,-0.00542814,0.01299197
94.545455,23.684211,-0.00649201,0.01522946
96.363636,23.684211,-0.00753240,0.01048167
98.181818,23.684211,-0.00854237,0.00577713
100.000000,23.684211,-0.00951544,0.00113549
101.818182,23.684211,-0.01044561,-0.00342520
103.636364,23.684211,-0.01132729,-0.00788841
105.454545,23.684211,-0.01215529,-0.01223918
107.272727,23.684211,-0.01292481,-0.01646407
109.090909,23.684211,-0.01363141,-0.02055114
110.909091,23.684211,-0.01427101,-0.02448993
112.727273,23.684211,-0.01483984,-0.02827147
114.545455,23.684211,-0.01533446,-0.03188823
116.363636,23.684211,-0.01575174,-0.03533411
118.181818,23.684211,-0.01608884,-0.03860444
120.000000,23.684211,-0.01634323,-0.04169594
121.818182,23.684211,-0.01651268,-0.04460672
123.636364,23.684211,-0.01659525,-0.04733630
125.454545,23.684211,-0.01658933,-0.04988554
127.272727,23.684211,-0.01649360,-0.05225669
129.090909,23.684211,-0.01630709,-0.05445338
130.909091,23.684211,-0.01602919,-0.05648060
132.727273,23.684211,-0.01565965,-0.05834469
134.545455,23.684211,-0.01519863,-0.06005339
136.363636,23.684211,-0.01464675,-0.06161580
138.181818,23.684211,-0.01400509,-0.06304240
140.000000,23.684211,-0.01327530,-0.06434507
141.818182,23.684211,-0.01245959,-0.06553705
143.636364,23.684211,-0.01156085,-0.06663297
145.454545,23.684211,-0.01058270,-0.06764884
147.272727,23.684211,-0.00952959,-0.06860204
149.090909,23.684211,-0.00840688,-0.06951129
150.909091,23.684211,-0.00722094,-0.07039661
152.727273,23.684211,-0.00597928,-0.07127932
154.545455,23.684211,-0.00469067,-0.07218190
156.363636,23.684211,-0.00336524,-0.07312798
158.181818,23.684211,-0.00201465,-0.07414216
160.000000,23.684211,-0.00065216,-0.07524988
161.818182,23.684211,0.00070720,-0.07647721
163.636364,23.684211,0.00204657,-0.07785059
165.454545,23.684211,0.00334716,-0.07939650
167.272727,23.684211,0.00458824,-0.08114105
169.090909,23.684211,0.00574719,-0.08310946
170.909091,23.684211,0.00679961,-0.08532548
172.727273,23.684211,0.00771952,-0.08781063
174.545455,23.684211,0.00847977,-0.09058328
176.363636,23.684211,0.00905250,-0.09365767
178.181818,23.684211,0.00940992,-0.09704271
180.000000,23.684211,0.00952514,-0.10074059
0.000000,28.421053,-0.00735505,-0.10716138
1.818182,28.421053,-0.00841171,-0.11254622
3.636364,28.421053,-0.00960041,-0.11800708
5.454545,28.421053,-0.01090909,-0.12350776
7.272727,28.421053,-0.01232040,-0.12828518
9.090909,28.421053,-0.01381126,-0.12829067
10.909091,28.421053,-0.01535240,-0.12803150
12.727273,28.421053,-0.01690840,-0.12751439
14.545455,28.421053,-0.01843791,-0.12674951
16.363636,28.421053,-0.01989453,-0.12575042
18.181818,28.421053,-0.02122819,-0.12453399
20.000000,28.421053,-0.02238715,-0.12312010
21.818182,28.421053,-0.02332059,-0.12153126
23.636364,28.421053,-0.02398163,-0.11979196
25.454545,28.421053,-0.02433052,-0.11792806
27.272727,28.421053,-0.02433776,-0.11596588
29.090909,28.421053,-0.02398666,-0.11393137
30.909091,28.421053,-0.02327512,-0.11184918
32.727273,28.421053,-0.02221622,-0.10974177
34.545455,28.421053,-0.02083767,-0.10762866
36.363636,28.421053,-0.01918002,-0.10552578
38.181818,28.421053,-0.01729397,-0.10344503
40.000000,28.421053,-0.01523701,-0.10139407
41.818182,28.421053,-0.01306991,-0.09937635
43.636364,28.421053,-0.01085330,-0.09739130
45.454545,28.421053,-0.00864475,-0.09543478
47.272727,28.421053,-0.00649643,-0.09349961
49.090909,28.421053,-0.00445356,-0.09157628
50.909091,28.421053,-0.00255346,-0.08965362
52.727273,28.421053,-0.00082535,-0.08674494
54.545455,28.421053,0.00070950,-0.07964435
56.363636,28.421053,0.00203716,-0.07278505
58.181818,28.421053,0.00315026,-0.06619520
60.000000,28.421053,0.00404708,-0.05989189
61.818182,28.421053,0.00473059,-0.05388291
63.636364,28.421053,0.00520754,-0.04816850
65.454545,28.421053,0.00548764,-0.04274297
67.272727,28.421053,0.00558278,-0.03759610
69.090909,28.421053,0.00550642,-0.03271436
70.909091,28.421053,0.00527302,-0.02808194
72.727273,28.421053,0.00489764,-0.02368158
74.545455,28.421053,0.00439556,-0.01949520
76.363636,28.421053,0.00378199,-0.01550445
78.181818,28.421053,0.00307192,-0.01169106
80.000000,28.421053,0.00227990,-0.00803714
81.818182,28.421053,0.00141997,-0.00452539
83.636364,28.421053,0.00050555,-0.00113921
85.454545,28.421053,-0.00045056,0.00213720
87.272727,28.421053,-0.00143625,0.00531879
89.090909,28.421053,-0.00244007,0.00841966
90.909091,28.421053,-0.00345127,0.01145308
92.727273,28.421053,-0.00445975,0.01443146
94.545455,28.421053,-0.00545605,0.01523197
96.363636,28.421053,-0.00643134,0.00999590
98.181818,28.421053,-0.00737740,0.00480988
100.000000,28.421053,-0.00828657,-0.00030623
101.818182,28.421053,-0.00915172,-0.00533417
103.636364,28.421053,-0.00996627,-0.01025729
105.454545,28.421053,-0.01072413,-0.01506054
107.272727,28.421053,-0.01141967,-0.01973040
109.090909,28.421053,-0.01204774,-0.02425491
110.909091,28.421053,-0.01260361,-0.02862364
112.727273,28.421053,-0.01308298,-0.03282762
114.545455,28.421053,-0.01348199,-0.03685939
116.363636,28.421053,-0.01379714,-0.04071292
118.181818,28.421053,-0.01402539,-0.04438362
120.000000,28.421053,-0.01416406,-0.04786832
121.818182,28.421053,-0.01421091,-0.05116526
123.636364,28.421053,-0.01416409,-0.05427407
125.454545,28.421053,-0.01402220,-0.05719577
127.272727,28.421053,-0.01378430,-0.05993275
129.090909,28.421053,-0.01344990,-0.06248879
130.909091,28.421053,-0.01301903,-0.06486904
132.727273,28.421053,-0.01249225,-0.06708003
134.545455,28.421053,-0.01187071,-0.06912964
136.363636,28.421053,-0.01115620,-0.07102718
138.181818,28.421053,-0.01035117,-0.07278328
140.000000,28.421053,-0.00945885,-0.07441001
141.818182,28.421053,-0.00848330,-0.07592080
143.636364,28.421053,-0.00742948,-0.07733046
145.454545,28.421053,-0.00630332,-0.07865520
147.272727,28.421053,-0.00511188,-0.07991257
149.090909,28.421053,-0.00386339,-0.08112148
150.909091,28.421053,-0.00256737,-0.08230217
152.727273,28.421053,-0.00123478,-0.08347611
154.545455,28.421053,0.00012195,-0.08466601
156.363636,28.421053,0.00148875,-0.08589565
158.181818,28.421053,0.00284985,-0.08718983
160.000000,28.421053,0.00418772,-0.08857417
161.818182,28.421053,0.00548301,-0.09007491
163.636364,28.421053,0.00671453,-0.09171866
165.454545,28.421053,0.00785936,-0.09353205
167.272727,28.421053,0.00889293,-0.09554134
169.090909,28.421053,0.00978922,-0.09777190
170.909091,28.421053,0.01052113,-0.10024759
172.727273,28.421053,0.01106086,-0.10299001
174.545455,28.421053,0.01138057,-0.10601764
176.363636,28.421053,0.01145307,-0.10934478
178.181818,28.421053,0.01125277,-0.11298036
180.000000,28.421053,0.01075677,-0.11692659
0.000000,33.157895,-0.00938697,-0.11930805
1.818182,33.157895,-0.01060037,-0.12534444
3.636364,33.157895,-0.01196845,-0.13148220
5.454545,33.157895,-0.01347899,-0.13768412
7.272727,33.157895,-0.01511403,-0.14318521
9.090909,33.157895,-0.01684926,-0.14393384
10.909091,33.157895,-0.01865363,-0.14443317
12.727273,33.157895,-0.02048919,-0.14468456
14.545455,33.157895,-0.02231141,-0.14469146
16.363636,33.157895,-0.02406996,-0.14445942
18.181818,33.157895,-0.02571017,-0.14399604
20.000000,33.157895,-0.02717506,-0.14331075
21.818182,33.157895,-0.02840803,-0.14241467
23.636364,33.157895,-0.02935607,-0.14132029
25.454545,33.157895,-0.02997311,-0.14004115
27.272727,33.157895,-0.03022335,-0.13859147
29.090909,33.157895,-0.03008410,-0.13698573
30.909091,33.157895,-0.02954775,-0.13523823
32.727273,33.157895,-0.02862269,-0.13336277
34.545455,33.157895,-0.02733290,-0.13137217
36.363636,33.157895,-0.02571635,-0.12927807
38.181818,33.157895,-0.02382240,-0.12709062
40.000000,33.157895,-0.02170853,-0.12481836
41.818182,33.157895,-0.01943673,-0.12246814
43.636364,33.157895,-0.01707003,-0.12004515
45.454545,33.157895,-0.01466937,-0.11755303
47.272727,33.157895,-0.01229115,-0.11499402
49.090909,33.157895,-0.00998538,-0.11236916
50.909091,33.157895,-0.00779459,-0.10967858
52.727273,33.157895,-0.00575329,-0.10594717
54.545455,33.157895,-0.00388806,-0.09798047
56.363636,33.157895,-0.00221788,-0.09022265
58.181818,33.157895,-0.00075486,-0.08271211
60.000000,33.157895,0.00049499,-0.07547524
61.818182,33.157895,0.00153088,-0.06852807
63.636364,33.157895,0.00235632,-0.06187792
65.454545,33.157895,0.00297832,-0.05552505
67.272727,33.157895,0.00340662,-0.04946406
69.090909,33.157895,0.00365303,-0.04368520
70.909091,33.157895,0.00373082,-0.03817545
72.727273,33.157895,0.00365427,-0.03291944
74.545455,33.157895,0.00343824,-0.02790025
76.363636,33.157895,0.00309784,-0.02309997
78.181818,33.157895,0.00264823,-0.01850023
80.000000,33.157895,0.00210432,-0.01408256
81.818182,33.157895,0.00148070,-0.00982871
83.636364,33.157895,0.00079149,-0.00572081
85.454545,33.157895,0.00005026,-0.00174155
87.272727,33.157895,-0.00073001,0.00212567
89.090909,33.157895,-0.00153698,0.00589675
90.909091,33.157895,-0.00235898,0.00958680
92.727273,33.157895,-0.00318496,0.01321012
94.545455,33.157895,-0.00400457,0.01678021
96.363636,33.157895,-0.00480808,0.01320153
98.181818,33.157895,-0.00558641,0.00773005
100.000000,33.157895,-0.00633109,0.00232651
101.818182,33.157895,-0.00703424,-0.00299092
103.636364,33.157895,-0.00768860,-0.00820570
105.454545,33.157895,-0.00828743,-0.01330286
107.272727,33.157895,-0.00882458,-0.01826900
109.090909,33.157895,-0.00929441,-0.02309226
110.909091,33.157895,-0.00969182,-0.02776232
112.727273,33.157895,-0.01001223,-0.03227033
114.545455,33.157895,-0.01025156,-0.03660893
116.363636,33.157895,-0.01040627,-0.04077220
118.181818,33.157895,-0.01047330,-0.04475567
120.000000,33.157895,-0.01045016,-0.04855627
121.818182,33.157895,-0.01033485,-0.05217234
123.636364,33.157895,-0.01012597,-0.05560361
125.454545,33.157895,-0.00982265,-0.05885119
127.272727,33.157895,-0.00942466,-0.06191758
129.090909,33.157895,-0.00893239,-0.06480662
130.909091,33.157895,-0.00834692,-0.06752354
132.727273,33.157895,-0.00767005,-0.07007493
134.545455,33.157895,-0.00690435,-0.07246876
136.363636,33.157895,-0.00605323,-0.07471434
138.181818,33.157895,-0.00512099,-0.07682237
140.000000,33.157895,-0.00411293,-0.07880493
141.818182,33.157895,-0.00303534,-0.08067547
143.636364,33.157895,-0.00189569,-0.08244878
145.454545,33.157895,-0.00070263,-0.08414105
147.272727,33.157895,0.00053390,-0.08576980
149.090909,33.157895,0.00180259,-0.08735387
150.909091,33.157895,0.00309066,-0.08891340
152.727273,33.157895,0.00438384,-0.09046977
154.545455,33.157895,0.00566626,-0.09204554
156.363636,33.157895,0.00692046,-0.09366435
158.181818,33.157895,0.00812734,-0.09535078
160.000000,33.157895,0.00926622,-0.09713022
161.818182,33.157895,0.01031490,-0.09902867
163.636364,33.157895,0.01124980,-0.10107243
165.454545,33.157895,0.01204613,-0.10328779
167.272727,33.157895,0.01267819,-0.10570064
169.090909,33.157895,0.01311975,-0.10833592
170.909091,33.157895,0.01334449,-0.11121704
172.727273,33.157895,0.01332662,-0.11436510
174.545455,33.157895,0.01304161,-0.11779802
176.363636,33.157895,0.01246696,-0.12152951
178.181818,33.157895,0.01158325,-0.12556787
180.000000,33.157895,0.01037514,-0.12991463
0.000000,37.894737,-0.01137051,-0.13067782
1.818182,37.894737,-0.01277263,-0.13717015
3.636364,37.894737,-0.01434679,-0.14378070
5.454545,37.894737,-0.01608014,-0.15047174
7.272727,37.894737,-0.01795375,-0.15647718
9.090909,37.894737,-0.01994193,-0.15774357
10.909091,37.894737,-0.02201181,-0.15877152
12.727273,37.894737,-0.02412321,-0.15955905
14.545455,37.894737,-0.02622890,-0.16010545
16.363636,37.894737,-0.02827543,-0.16041135
18.181818,37.894737,-0.03020461,-0.16047862
20.000000,37.894737,-0.03195559,-0.16031035
21.818182,37.894737,-0.03346764,-0.15991077
23.636364,37.894737,-0.03468342,-0.15928511
25.454545,37.894737,-0.03555245,-0.15843949
27.272727,37.894737,-0.03603460,-0.15738077
29.090909,37.894737,-0.03610302,-0.15611640
30.909091,37.894737,-0.03574626,-0.15465422
32.727273,37.894737,-0.03496931,-0.15300236
34.545455,37.894737,-0.03379333,-0.15116903
36.363636,37.894737,-0.03225409,-0.14916240
38.181818,37.894737,-0.03039952,-0.14699050
40.000000,37.894737,-0.02828635,-0.14466113
41.818182,37.894737,-0.02597663,-0.14218177
43.636364,37.894737,-0.02353414,-0.13955953
45.454545,37.894737,-0.02102126,-0.13680118
47.272727,37.894737,-0.01849638,-0.13391311
49.090909,37.894737,-0.01601201,-0.13090138
50.909091,37.894737,-0.01361352,-0.12777174
52.727273,37.894737,-0.01133857,-0.12355510
54.545455,37.894737,-0.00921701,-0.11506325
56.363636,37.894737,-0.00727115,-0.10674661
58.181818,37.894737,-0.00551638,-0.09864966
60.000000,37.894737,-0.00396189,-0.09080454
61.818182,37.894737,-0.00261147,-0.08323265
63.636364,37.894737,-0.00146439,-0.07594617
65.454545,37.894737,-0.00051614,-0.06894964
67.272727,37.894737,0.00024078,-0.06224138
69.090909,37.894737,0.00081620,-0.05581476
70.909091,37.894737,0.00122174,-0.04965931
72.727273,37.894737,0.00147026,-0.04376167
74.545455,37.894737,0.00157547,-0.03810637
76.363636,37.894737,0.00155161,-0.03267654
78.181818,37.894737,0.00141312,-0.02745439
80.000000,37.894737,0.00117443,-0.02242167
81.818182,37.894737,0.00084983,-0.01756003
83.636364,37.894737,0.00045324,-0.01285122
85.454545,37.894737,-0.00000178,-0.00827735
87.272727,37.894737,-0.00050221,-0.00382104
89.090909,37.894737,-0.00103556,0.00053450
90.909091,37.894737,-0.00158993,0.00480539
92.727273,37.894737,-0.00215403,0.00900699
94.545455,37.894737,-0.00271721,0.01315387
96.363636,37.894737,-0.00326945,0.01725984
98.181818,37.894737,-0.00380133,0.01377309
100.000000,37.894737,-0.00430411,0.00827466
101.818182,37.894737,-0.00476964,0.00285123
103.636364,37.894737,-0.00519040,-0.00248098
105.454545,37.894737,-0.00555950,-0.00770731
107.272727,37.894737,-0.00587062,-0.01281465
109.090909,37.894737,-0.00611810,-0.01779138
110.909091,37.894737,-0.00629683,-0.02262741
112.727273,37.894737,-0.00640235,-0.02731408
114.545455,37.894737,-0.00643078,-0.03184422
116.363636,37.894737,-0.00637891,-0.03621205
118.181818,37.894737,-0.00624411,-0.04041324
120.000000,37.894737,-0.00602443,-0.04444483
121.818182,37.894737,-0.00571860,-0.04830523
123.636364,37.894737,-0.00532604,-0.05199425
125.454545,37.894737,-0.00484689,-0.05551304
127.272727,37.894737,-0.00428209,-0.05886411
129.090909,37.894737,-0.00363335,-0.06205131
130.909091,37.894737,-0.00290325,-0.06507984
132.727273,37.894737,-0.00209526,-0.06795623
134.545455,37.894737,-0.00121383,-0.07068837
136.363636,37.894737,-0.00026438,-0.07328548
138.181818,37.894737,0.00074658,-0.07575811
140.000000,37.894737,0.00181141,-0.07811818
141.818182,37.894737,0.00292131,-0.08037892
143.636364,37.894737,0.00406621,-0.08255490
145.454545,37.894737,0.00523478,-0.08466202
147.272727,37.894737,0.00641432,-0.08671749
149.090909,37.894737,0.00759080,-0.08873977
150.909091,37.894737,0.00874876,-0.09074860
152.727273,37.894737,0.00987140,-0.09276490
154.545455,37.894737,0.01094052,-0.09481071
156.363636,37.894737,0.01193665,-0.09690908
158.181818,37.894737,0.01283908,-0.09908400
160.000000,37.894737,0.01362603,-0.10136015
161.818182,37.894737,0.01427483,-0.10376278
163.636364,37.894737,0.01476215,-0.10631738
165.454545,37.894737,0.01506430,-0.10904937
167.272727,37.894737,0.01515761,-0.11198369
169.090909,37.894737,0.01501889,-0.11514430
170.909091,37.894737,0.01462591,-0.11855353
172.727273,37.894737,0.01395805,-0.12223137
174.545455,37.894737,0.01299699,-0.12619455
176.363636,37.894737,0.01172744,-0.13045555
178.181818,37.894737,0.01013802,-0.13502139
180.000000,37.894737,0.00822215,-0.13989228
0.000000,42.631579,-0.01333317,-0.14088286
1.818182,42.631579,-0.01494493,-0.14760064
3.636364,42.631579,-0.01674066,-0.15444535
5.454545,42.631579,-0.01870652,-0.16137953
7.272727,42.631579,-0.02082232,-0.16763698
9.090909,42.631579,-0.02306092,-0.16916378
10.909091,42.631579,-0.02538771,-0.17045967
12.727273,42.631579,-0.02776055,-0.17152134
14.545455,42.631579,-0.03013002,-0.17234640
16.363636,42.631579,-0.03244028,-0.17293332
18.181818,42.631579,-0.03463054,-0.17328146
20.000000,42.631579,-0.03663726,-0.17339107
21.818182,42.631579,-0.03839689,-0.17326323
23.636364,42.631579,-0.03984924,-0.17289986
25.454545,42.631579,-0.04094103,-0.17230363
27.272727,42.631579,-0.04162934,-0.17147795
29.090909,42.631579,-0.04188474,-0.17042689
30.909091,42.631579,-0.04169336,-0.16915511
32.727273,42.631579,-0.04105805,-0.16766784
34.545455,42.631579,-0.03999813,-0.16597076
36.363636,42.631579,-0.03854789,-0.16406996
38.181818,42.631579,-0.03675413,-0.16197188
40.000000,42.631579,-0.03467289,-0.15968326
41.818182,42.631579,-0.03236589,-0.15721105
43.636364,42.631579,-0.02989698,-0.15456239
45.454545,42.631579,-0.02732898,-0.15174454
47.272727,42.631579,-0.02472109,-0.14876486
49.090909,42.631579,-0.02212687,-0.14563076
50.909091,42.631579,-0.01959308,-0.14234966
52.727273,42.631579,-0.01715890,-0.13795440
54.545455,42.631579,-0.01485592,-0.12925885
56.363636,42.631579,-0.01270827,-0.12071561
58.181818,42.631579,-0.01073326,-0.11237136
60.000000,42.631579,-0.00894199,-0.10426041
61.818182,42.631579,-0.00734018,-0.09640619
63.636364,42.631579,-0.00592894,-0.08882282
65.454545,42.631579,-0.00470558,-0.08151657
67.272727,42.631579,-0.00366431,-0.07448731
69.090909,42.631579,-0.00279686,-0.06772969
70.909091,42.631579,-0.00209312,-0.06123435
72.727273,42.631579,-0.00154155,-0.05498876
74.545455,42.631579,-0.00112965,-0.04897812
76.363636,42.631579,-0.00084428,-0.04318595
78.181818,42.631579,-0.00067196,-0.03759470
80.000000,42.631579,-0.00059909,-0.03218618
81.818182,42.631579,-0.00061212,-0.02694192
83.636364,42.631579,-0.00069772,-0.02184345
85.454545,42.631579,-0.00084291,-0.01687255
87.272727,42.631579,-0.00103510,-0.01201138
89.090909,42.631579,-0.00126219,-0.00724269
90.909091,42.631579,-0.00151261,-0.00254984
92.727273,42.631579,-0.00177536,0.00208303
94.545455,42.631579,-0.00204005,0.00667102
96.363636,42.631579,-0.00229688,0.01122839
98.181818,42.631579,-0.00253670,0.01576850
100.000000,42.631579,-0.00275099,0.01647718
101.818182,42.631579,-0.00293188,0.01113876
103.636364,42.631579,-0.00307215,0.00587200
105.454545,42.631579,-0.00316525,0.00069097
107.272727,42.631579,-0.00320528,-0.00439176
109.090909,42.631579,-0.00318703,-0.00936507
110.909091,42.631579,-0.00310597,-0.01421928
112.727273,42.631579,-0.00295829,-0.01894612
114.545455,42.631579,-0.00274086,-0.02353872
116.363636,42.631579,-0.00245132,-0.02799160
118.181818,42.631579,-0.00208805,-0.03230063
120.000000,42.631579,-0.00165021,-0.03646302
121.818182,42.631579,-0.00113777,-0.04047733
123.636364,42.631579,-0.00055156,-0.04434342
125.454545,42.631579,0.00010674,-0.04806250
127.272727,42.631579,0.00083453,-0.05163703
129.090909,42.631579,0.00162826,-0.05507082
130.909091,42.631579,0.00248339,-0.05836895
132.727273,42.631579,0.00339437,-0.06153777
134.545455,42.631579,0.00435459,-0.06458496
136.363636,42.631579,0.00535631,-0.06751945
138.181818,42.631579,0.00639072,-0.07035148
140.000000,42.631579,0.00744780,-0.07309255
141.818182,42.631579,0.00851641,-0.07575545
143.636364,42.631579,0.00958418,-0.07835423
145.454545,42.631579,0.01063762,-0.08090419
147.272727,42.631579,0.01166205,-0.08342188
149.090909,42.631579,0.01264167,-0.08592504
150.909091,42.631579,0.01355965,-0.08843259
152.727273,42.631579,0.01439814,-0.09096457
154.545455,42.631579,0.01513844,-0.09354204
156.363636,42.631579,0.01576111,-0.09618702
158.181818,42.631579,0.01624614,-0.09892237
160.000000,42.631579,0.01657313,-0.10177157
161.818182,42.631579,0.01672158,-0.10475856
163.636364,42.631579,0.01667112,-0.10790749
165.454545,42.631579,0.01640186,-0.11124232
167.272727,42.631579,0.01589474,-0.11478649
169.090909,42.631579,0.01513196,-0.11856236
170.909091,42.631579,0.01409740,-0.12259062
172.727273,42.631579,0.01277718,-0.12688954
174.545455,42.631579,0.01116018,-0.13147412
176.363636,42.631579,0.00923871,-0.13635502
178.181818,42.631579,0.00700910,-0.14153744
180.000000,42.631579,0.00447249,-0.14701973
0.000000,47.368421,-0.01538220,-0.14923818
1.818182,47.368421,-0.01721051,-0.15593630
3.636364,47.368421,-0.01922922,-0.16276435
5.454545,47.368421,-0.02142331,-0.16968608
7.272727,47.368421,-0.02377130,-0.17593639
9.090909,47.368421,-0.02624463,-0.17746228
10.909091,47.368421,-0.02880721,-0.17876424
12.727273,47.368421,-0.03141527,-0.17983953
14.545455,47.368421,-0.03401774,-0.18068613
16.363636,47.368421,-0.03655706,-0.18130269
18.181818,47.368421,-0.03897071,-0.18168857
20.000000,47.368421,-0.04119337,-0.18184381
21.818182,47.368421,-0.04315977,-0.18176915
23.636364,47.368421,-0.04480801,-0.18146599
25.454545,47.368421,-0.04608317,-0.18093636
27.272727,47.368421,-0.04694081,-0.18018292
29.090909,47.368421,-0.04735005,-0.17920893
30.909091,47.368421,-0.04729574,-0.17801818
32.727273,47.368421,-0.04677959,-0.17661497
34.545455,47.368421,-0.04581994,-0.17500407
36.363636,47.368421,-0.04445029,-0.17319070
38.181818,47.368421,-0.04271683,-0.17118042
40.000000,47.368421,-0.04067518,-0.16897915
41.818182,47.368421,-0.03838684,-0.16659307
43.636364,47.368421,-0.03591560,-0.16402862
45.454545,47.368421,-0.03332443,-0.16129241
47.272727,47.368421,-0.03067280,-0.15839120
49.090909,47.368421,-0.02801473,-0.15533184
50.909091,47.368421,-0.02539751,-0.15212122
52.727273,47.368421,-0.02286105,-0.14779171
54.545455,47.368421,-0.02043768,-0.13915667
56.363636,47.368421,-0.01815243,-0.13066823
58.181818,47.368421,-0.01602347,-0.12237257
60.000000,47.368421,-0.01406289,-0.11430349
61.818182,47.368421,-0.01227737,-0.10648386
63.636364,47.368421,-0.01066901,-0.09892720
65.454545,47.368421,-0.00923610,-0.09163917
67.272727,47.368421,-0.00797380,-0.08461893
69.090909,47.368421,-0.00687481,-0.07786042
70.909091,47.368421,-0.00592990,-0.07135348
72.727273,47.368421,-0.00512841,-0.06508478
74.545455,47.368421,-0.00445867,-0.05903864
76.363636,47.368421,-0.00390832,-0.05319770
78.181818,47.368421,-0.00346461,-0.04754351
80.000000,47.368421,-0.00311465,-0.04205694
81.818182,47.368421,-0.00284555,-0.03671860
83.636364,47.368421,-0.00264461,-0.03150913
85.454545,47.368421,-0.00249943,-0.02640943
87.272727,47.368421,-0.00239800,-0.02140085
89.090909,47.368421,-0.00232878,-0.01646537
90.909091,47.368421,-0.00228074,-0.01158569
92.727273,47.368421,-0.00224346,-0.00674534
94.545455,47.368421,-0.00220708,-0.00192878
96.363636,47.368421,-0.00216242,0.00287856
98.181818,47.368421,-0.00210093,0.00769022
100.000000,47.368421,-0.00201475,0.01251863
101.818182,47.368421,-0.00189674,0.01737510
103.636364,47.368421,-0.00174045,0.01567083
105.454545,47.368421,-0.00154020,0.01072096
107.272727,47.368421,-0.00129102,0.00584182
109.090909,47.368421,-0.00098875,0.00104366
110.909091,47.368421,-0.00063002,-0.00366462
112.727273,47.368421,-0.00021224,-0.00827546
114.545455,47.368421,0.00026630,-0.01278260
116.363636,47.368421,0.00080647,-0.01718108
118.181818,47.368421,0.00140825,-0.02146724
120.000000,47.368421,0.00207072,-0.02563866
121.818182,47.368421,0.00279202,-0.02969418
123.636364,47.368421,0.00356930,-0.03363387
125.454545,47.368421,0.00439877,-0.03745904
127.272727,47.368421,0.00527560,-0.04117221
129.090909,47.368421,0.00619395,-0.04477711
130.909091,47.368421,0.00714695,-0.04827867
132.727273,47.368421,0.00812668,-0.05168303
134.545455,47.368421,0.00912418,-0.05499750
136.363636,47.368421,0.01012944,-0.05823060
138.181818,47.368421,0.01113145,-0.06139204
140.000000,47.368421,0.01211822,-0.06449267
141.818182,47.368421,0.01307681,-0.06754456
143.636364,47.368421,0.01399338,-0.07056091
145.454545,47.368421,0.01485330,-0.07355608
147.272727,47.368421,0.01564118,-0.07654555
149.090909,47.368421,0.01634103,-0.07954590
150.909091,47.368421,0.01693634,-0.08257479
152.727273,47.368421,0.01741022,-0.08565087
154.545455,47.368421,0.01774555,-0.08879372
156.363636,47.368421,0.01792516,-0.09202378
158.181818,47.368421,0.01793200,-0.09536221
160.000000,47.368421,0.01774934,-0.09883072
161.818182,47.368421,0.01736098,-0.10245140
163.636364,47.368421,0.01675146,-0.10624642
165.454545,47.368421,0.01590636,-0.11023775
167.272727,47.368421,0.01481254,-0.11444671
169.090909,47.368421,0.01345844,-0.11889354
170.909091,47.368421,0.01183440,-0.12359674
172.727273,47.368421,0.00993309,-0.12857235
174.545455,47.368421,0.00774985,-0.13383312
176.363636,47.368421,0.00528322,-0.13938747
178.181818,47.368421,0.00253544,-0.14523834
180.000000,47.368421,-0.00048697,-0.15138184
0.000000,52.105263,-0.01768038,-0.15497535
1.818182,52.105263,-0.01971712,-0.16142146
3.636364,52.105263,-0.02194522,-0.16799820
5.454545,52.105263,-0.02434855,-0.17467153
7.272727,52.105263,-0.02690446,-0.18067854
9.090909,52.105263,-0.02958324,-0.18196838
10.909091,52.105263,-0.03234763,-0.18304361
12.727273,52.105263,-0.03515275,-0.18390353
14.545455,52.105263,-0.03794641,-0.18454799
16.363636,52.105263,-0.04066999,-0.18497744
18.181818,52.105263,-0.04325995,-0.18519291
20.000000,52.105263,-0.04565003,-0.18519596
21.818182,52.105263,-0.04777406,-0.18498868
23.636364,52.105263,-0.04956933,-0.18457367
25.454545,52.105263,-0.05098019,-0.18395399
27.272727,52.105263,-0.05196156,-0.18313314
29.090909,52.105263,-0.05248198,-0.18211502
30.909091,52.105263,-0.05252585,-0.18090391
32.727273,52.105263,-0.05209447,-0.17950438
34.545455,52.105263,-0.05120588,-0.17792132
36.363636,52.105263,-0.04989339,-0.17615981
38.181818,52.105263,-0.04820304,-0.17422518
40.000000,52.105263,-0.04619041,-0.17212286
41.818182,52.105263,-0.04391699,-0.16985842
43.636364,52.105263,-0.04144668,-0.16743749
45.454545,52.105263,-0.03884256,-0.16486572
47.272727,52.105263,-0.03616431,-0.16214875
49.090909,52.105263,-0.03346619,-0.15929216
50.909091,52.105263,-0.03079576,-0.15630148
52.727273,52.105263,-0.02819322,-0.15220749
54.545455,52.105263,-0.02569125,-0.14382195
56.363636,52.105263,-0.02331520,-0.13559521
58.181818,52.105263,-0.02108361,-0.12757159
60.000000,52.105263,-0.01900893,-0.11978293
61.818182,52.105263,-0.01709818,-0.11225010
63.636364,52.105263,-0.01535384,-0.10498451
65.454545,52.105263,-0.01377455,-0.09798965
67.272727,52.105263,-0.01235580,-0.09126249
69.090909,52.105263,-0.01109062,-0.08479476
70.909091,52.105263,-0.00997010,-0.07857404
72.727273,52.105263,-0.00898389,-0.07258473
74.545455,52.105263,-0.00812063,-0.06680892
76.363636,52.105263,-0.00736825,-0.06122702
78.181818,52.105263,-0.00671429,-0.05581838
80.000000,52.105263,-0.00614615,-0.05056176
81.818182,52.105263,-0.00565125,-0.04543570
83.636364,52.105263,-0.00521721,-0.04041887
85.454545,52.105263,-0.00483195,-0.03549030
87.272727,52.105263,-0.00448382,-0.03062961
89.090909,52.105263,-0.00416169,-0.02581718
90.909091,52.105263,-0.00385499,-0.02103431
92.727273,52.105263,-0.00355377,-0.01626330
94.545455,52.105263,-0.00324876,-0.01148759
96.363636,52.105263,-0.00293141,-0.00669185
98.181818,52.105263,-0.00259392,-0.00186204
100.000000,52.105263,-0.00222927,0.00301451
101.818182,52.105263,-0.00183125,0.00794901
103.636364,52.105263,-0.00139448,0.01295116
105.454545,52.105263,-0.00091447,0.01802907
107.272727,52.105263,-0.00038762,0.01666742
109.090909,52.105263,0.00018877,0.01222788
110.909091,52.105263,0.00081643,0.00784382
112.727273,52.105263,0.00149613,0.00352162
114.545455,52.105263,0.00222766,-0.00073360
116.363636,52.105263,0.00300977,-0.00491785
118.181818,52.105263,0.00384021,-0.00902835
120.000000,52.105263,0.00471566,-0.01306344
121.818182,52.105263,0.00563177,-0.01702259
123.636364,52.105263,0.00658312,-0.02090638
125.454545,52.105263,0.00756328,-0.02471648
127.272727,52.105263,0.00856475,-0.02845565
129.090909,52.105263,0.00957906,-0.03212770
130.909091,52.105263,0.01059677,-0.03573751
132.727273,52.105263,0.01160751,-0.03929101
134.545455,52.105263,0.01260007,-0.04279516
136.363636,52.105263,0.01356245,-0.04625796
138.181818,52.105263,0.01448196,-0.04968843
140.000000,52.105263,0.01534532,-0.05309660
141.818182,52.105263,0.01613876,-0.05649352
143.636364,52.105263,0.01684812,-0.05989125
145.454545,52.105263,0.01745904,-0.06330283
147.272727,52.105263,0.01795699,-0.06674227
149.090909,52.105263,0.01832750,-0.07022453
150.909091,52.105263,0.01855624,-0.07376548
152.727273,52.105263,0.01862914,-0.07738186
154.545455,52.105263,0.01853258,-0.08109123
156.363636,52.105263,0.01825343,-0.08491184
158.181818,52.105263,0.01777926,-0.08886260
160.000000,52.105263,0.01709836,-0.09296283
161.818182,52.105263,0.01619996,-0.09723215
163.636364,52.105263,0.01507426,-0.10169023
165.454545,52.105263,0.01371262,-0.10635642
167.272727,52.105263,0.01210769,-0.11124943
169.090909,52.105263,0.01025360,-0.11638685
170.909091,52.105263,0.00814613,-0.12178449
172.727273,52.105263,0.00578304,-0.12745578
174.545455,52.105263,0.00316434,-0.13341082
176.363636,52.105263,0.00029269,-0.13965545
178.181818,52.105263,-0.00282613,-0.14619007
180.000000,52.105263,-0.00618271,-0.15300836
0.000000,56.842105,-0.02038212,-0.15748856
1.818182,56.842105,-0.02260246,-0.16349195
3.636364,56.842105,-0.02501010,-0.16962766
5.454545,56.842105,-0.02758798,-0.17586463
7.272727,56.842105,-0.03031268,-0.18144290
9.090909,56.842105,-0.03315369,-0.18231461
10.909091,56.842105,-0.03607309,-0.18298523
12.727273,56.842105,-0.03902540,-0.18345688
14.545455,56.842105,-0.04195791,-0.18373219
16.363636,56.842105,-0.04481155,-0.18381426
18.181818,56.842105,-0.04752244,-0.18370659
20.000000,56.842105,-0.05002402,-0.18341310
21.818182,56.842105,-0.05224995,-0.18293805
23.636364,56.842105,-0.05413737,-0.18228601
25.454545,56.842105,-0.05563059,-0.18146180
27.272727,56.842105,-0.05668451,-0.18047047
29.090909,56.842105,-0.05726774,-0.17931724
30.909091,56.842105,-0.05736478,-0.17800744
32.727273,56.842105,-0.05697708,-0.17654649
34.545455,56.842105,-0.05612286,-0.17493983
36.363636,56.842105,-0.05483563,-0.17319291
38.181818,56.842105,-0.05316167,-0.17131109
40.000000,56.842105,-0.05115678,-0.16929968
41.818182,56.842105,-0.04888271,-0.16716381
43.636364,56.842105,-0.04640361,-0.16490849
45.454545,56.842105,-0.04378280,-0.16253849
47.272727,56.842105,-0.04108017,-0.16005837
49.090909,56.842105,-0.03835021,-0.15747240
50.909091,56.842105,-0.03564068,-0.15478459
52.727273,56.842105,-0.03299194,-0.15102407
54.545455,56.842105,-0.03043682,-0.14300069
56.363636,56.842105,-0.02800079,-0.13516277
58.181818,56.842105,-0.02570249,-0.12755243
60.000000,56.842105,-0.02355440,-0.12019919
61.818182,56.842105,-0.02156361,-0.11312141
63.636364,56.842105,-0.01973256,-0.10632794
65.454545,56.842105,-0.01805987,-0.09981957
67.272727,56.842105,-0.01654099,-0.09359048
69.090909,56.842105,-0.01516885,-0.08762954
70.909091,56.842105,-0.01393446,-0.08192140
72.727273,56.842105,-0.01282734,-0.07644750
74.545455,56.842105,-0.01183601,-0.07118693
76.363636,56.842105,-0.01094827,-0.06611709
78.181818,56.842105,-0.01015155,-0.06121433
80.000000,56.842105,-0.00943310,-0.05645444
81.818182,56.842105,-0.00878027,-0.05181303
83.636364,56.842105,-0.00818059,-0.04726591
85.454545,56.842105,-0.00762198,-0.04278937
87.272727,56.842105,-0.00709279,-0.03836038
89.090909,56.842105,-0.00658199,-0.03395685
90.909091,56.842105,-0.00607915,-0.02955776
92.727273,56.842105,-0.00557459,-0.02514334
94.545455,56.842105,-0.00505940,-0.02069517
96.363636,56.842105,-0.00452549,-0.01619635
98.181818,56.842105,-0.00396567,-0.01163157
100.000000,56.842105,-0.00337367,-0.00698728
101.818182,56.842105,-0.00274422,-0.00225171
103.636364,56.842105,-0.00207303,0.00258494
105.454545,56.842105,-0.00135688,0.00753046
107.272727,56.842105,-0.00059364,0.01259054
109.090909,56.842105,0.00021768,0.01776862
110.909091,56.842105,0.00107696,0.01907241
112.727273,56.842105,0.00198286,0.01521547
114.545455,56.842105,0.00293289,0.01138600
116.363636,56.842105,0.00392334,0.00758635
118.181818,56.842105,0.00494932,0.00381780
120.000000,56.842105,0.00600476,0.00008067
121.818182,56.842105,0.00708244,-0.00362569
123.636364,56.842105,0.00817404,-0.00730288
125.454545,56.842105,0.00927021,-0.01095340
127.272727,56.842105,0.01036062,-0.01458064
129.090909,56.842105,0.01143407,-0.01818885
130.909091,56.842105,0.01247862,-0.02178314
132.727273,56.842105,0.01348169,-0.02536943
134.545455,56.842105,0.01443020,-0.02895445
136.363636,56.842105,0.01531074,-0.03254575
138.181818,56.842105,0.01610972,-0.03615165
140.000000,56.842105,0.01681352,-0.03978126
141.818182,56.842105,0.01740869,-0.04344448
143.636364,56.842105,0.01788204,-0.04715196
145.454545,56.842105,0.01822082,-0.05091513
147.272727,56.842105,0.01841286,-0.05474615
149.090909,56.842105,0.01844665,-0.05865796
150.909091,56.842105,0.01831143,-0.06266420
152.727273,56.842105,0.01799727,-0.06677918
154.545455,56.842105,0.01749510,-0.07101791
156.363636,56.842105,0.01679673,-0.07539592
158.181818,56.842105,0.01589488,-0.07992928
160.000000,56.842105,0.01478314,-0.08463439
161.818182,56.842105,0.01345601,-0.08952787
163.636364,56.842105,0.01190885,-0.09462631
165.454545,56.842105,0.01013796,-0.09994600
167.272727,56.842105,0.00814060,-0.10550256
169.090909,56.842105,0.00591506,-0.11131049
170.909091,56.842105,0.00346085,-0.11738259
172.727273,56.842105,0.00077888,-0.12372931
174.545455,56.842105,-0.00212823,-0.13035787
176.363636,56.842105,-0.00525580,-0.13727133
178.181818,56.842105,-0.00859662,-0.14446741
180.000000,56.842105,-0.01214037,-0.15193725
0.000000,61.578947,-0.02353375,-0.15651113
1.818182,61.578947,-0.02589495,-0.16194723
3.636364,61.578947,-0.02843540,-0.16752072
5.454545,61.578947,-0.03113762,-0.17320384
7.272727,61.578947,-0.03397781,-0.17823991
9.090909,61.578947,-0.03692523,-0.17858429
10.909091,61.578947,-0.03994180,-0.17874561
12.727273,61.578947,-0.04298200,-0.17872909
14.545455,61.578947,-0.04599316,-0.17854030
16.363636,61.578947,-0.04891634,-0.17818514
18.181818,61.578947,-0.05168785,-0.17766979
20.000000,61.578947,-0.05424142,-0.17700065
21.818182,61.578947,-0.05651102,-0.17618426
23.636364,61.578947,-0.05843418,-0.17522726
25.454545,61.578947,-0.05995560,-0.17413635
27.272727,61.578947,-0.06103065,-0.17291822
29.090909,61.578947,-0.06162837,-0.17157948
30.909091,61.578947,-0.06173376,-0.17012664
32.727273,61.578947,-0.06134873,-0.16856605
34.545455,61.578947,-0.06049198,-0.16690387
36.363636,61.578947,-0.05919747,-0.16514598
38.181818,61.578947,-0.05751191,-0.16329800
40.000000,61.578947,-0.05549153,-0.16136521
41.818182,61.578947,-0.05319845,-0.15935254
43.636364,61.578947,-0.05069716,-0.15726454
45.454545,61.578947,-0.04805130,-0.15510532
47.272727,61.578947,-0.04532101,-0.15287858
49.090909,61.578947,-0.04256099,-0.15058753
50.909091,61.578947,-0.03981918,-0.14823493
52.727273,61.578947,-0.03713607,-0.14484845
54.545455,61.578947,-0.03454453,-0.13723634
56.363636,61.578947,-0.03207007,-0.12984512
58.181818,61.578947,-0.02973130,-0.12271499
60.000000,61.578947,-0.02754061,-0.11587334
61.818182,61.578947,-0.02550495,-0.10933632
63.636364,61.578947,-0.02362662,-0.10311037
65.454545,61.578947,-0.02190401,-0.09719379
67.272727,61.578947,-0.02033229,-0.09157813
69.090909,61.578947,-0.01890414,-0.08624951
70.909091,61.578947,-0.01761021,-0.08118977
72.727273,61.578947,-0.01643969,-0.07637741
74.545455,61.578947,-0.01538072,-0.07178853
76.363636,61.578947,-0.01442074,-0.06739748
78.181818,61.578947,-0.01354676,-0.06317749
80.000000,61.578947,-0.01274569,-0.05910123
81.818182,61.578947,-0.01200447,-0.05514117
83.636364,61.578947,-0.01131032,-0.05126999
85.454545,61.578947,-0.01065082,-0.04746088
87.272727,61.578947,-0.01001411,-0.04368778
89.090909,61.578947,-0.00938891,-0.03992567
90.909091,61.578947,-0.00876471,-0.03615069
92.727273,61.578947,-0.00813180,-0.03234040
94.545455,61.578947,-0.00748136,-0.02847393
96.363636,61.578947,-0.00680552,-0.02453213
98.181818,61.578947,-0.00609745,-0.02049772
100.000000,61.578947,-0.00535143,-0.01635550
101.818182,61.578947,-0.00456286,-0.01209240
103.636364,61.578947,-0.00372839,-0.00769772
105.454545,61.578947,-0.00284592,-0.00316319
107.272727,61.578947,-0.00191464,0.00151685
109.090909,61.578947,-0.00093513,0.00634537
110.909091,61.578947,0.00009069,0.01132255
112.727273,61.578947,0.00115947,0.01644568
114.545455,61.578947,0.00226647,0.02170914
116.363636,61.578947,0.00340559,0.01909552
118.181818,61.578947,0.00456933,0.01582504
120.000000,61.578947,0.00574894,0.01254178
121.818182,61.578947,0.00693441,0.00924324
123.636364,61.578947,0.00811467,0.00592616
125.454545,61.578947,0.00927763,0.00258657
127.272727,61.578947,0.01041040,-0.00078011
129.090909,61.578947,0.01149943,-0.00417912
130.909091,61.578947,0.01253075,-0.00761624
132.727273,61.578947,0.01349013,-0.01109781
134.545455,61.578947,0.01436335,-0.01463069
136.363636,61.578947,0.01513640,-0.01822222
138.181818,61.578947,0.01579568,-0.02188024
140.000000,61.578947,0.01632824,-0.02561304
141.818182,61.578947,0.01672190,-0.02942937
143.636364,61.578947,0.01696547,-0.03333848
145.454545,61.578947,0.01704880,-0.03735006
147.272727,61.578947,0.01696288,-0.04147427
149.090909,61.578947,0.01669988,-0.04572176
150.909091,61.578947,0.01625313,-0.05010366
152.727273,61.578947,0.01561706,-0.05463156
154.545455,61.578947,0.01478717,-0.05931753
156.363636,61.578947,0.01375989,-0.06417403
158.181818,61.578947,0.01253250,-0.06921389
160.000000,61.578947,0.01110300,-0.07445022
161.818182,61.578947,0.00946999,-0.07989627
163.636364,61.578947,0.00763263,-0.08556520
165.454545,61.578947,0.00559059,-0.09146992
167.272727,61.578947,0.00334399,-0.09762266
169.090909,61.578947,0.00089353,-0.10403462
170.909091,61.578947,-0.00175939,-0.11071538
172.727273,61.578947,-0.00461250,-0.11767227
174.545455,61.578947,-0.00766230,-0.12490954
176.363636,61.578947,-0.01090371,-0.13242741
178.181818,61.578947,-0.01432954,-0.14022096
180.000000,61.578947,-0.01792989,-0.14827883
0.000000,66.315789,-0.02699465,-0.15213579
1.818182,66.315789,-0.02943869,-0.15696113
3.636364,66.315789,-0.03205190,-0.16193352
5.454545,66.315789,-0.03481684,-0.16702832
7.272727,66.315789,-0.03770986,-0.17149194
9.090909,66.315789,-0.04070051,-0.17128275
10.909091,66.315789,-0.04375105,-0.17091230
12.727273,66.315789,-0.04681638,-0.17038857
14.545455,66.315789,-0.04984434,-0.16971979
16.363636,66.315789,-0.05277657,-0.16891436
18.181818,66.315789,-0.05554997,-0.16798079
20.000000,66.315789,-0.05809891,-0.16692761
21.818182,66.315789,-0.06035804,-0.16576333
23.636364,66.315789,-0.06226557,-0.16449639
25.454545,66.315789,-0.06376688,-0.16313503
27.272727,66.315789,-0.06481801,-0.16168733
29.090909,66.315789,-0.06538871,-0.16016108
30.909091,66.315789,-0.06546458,-0.15856378
32.727273,66.315789,-0.06504818,-0.15690256
34.545455,66.315789,-0.06415879,-0.15518415
36.363636,66.315789,-0.06283092,-0.15341485
38.181818,66.315789,-0.06111179,-0.15160050
40.000000,66.315789,-0.05905808,-0.14974641
41.818182,66.315789,-0.05673232,-0.14785737
43.636364,66.315789,-0.05419937,-0.14593762
45.454545,66.315789,-0.05152315,-0.14399082
47.272727,66.315789,-0.04876407,-0.14202001
49.090909,66.315789,-0.04597703,-0.14002765
50.909091,66.315789,-0.04321007,-0.13801554
52.727273,66.315789,-0.04050379,-0.13501030
54.545455,66.315789,-0.03789107,-0.12781896
56.363636,66.315789,-0.03539739,-0.12088670
58.181818,66.315789,-0.03304126,-0.11425223
60.000000,66.315789,-0.03083495,-0.10794134
61.818182,66.315789,-0.02878522,-0.10196846
63.636364,66.315789,-0.02689412,-0.09633818
65.454545,66.315789,-0.02515975,-0.09104685
67.272727,66.315789,-0.02357699,-0.08608394
69.090909,66.315789,-0.02213811,-0.08143340
70.909091,66.315789,-0.02083340,-0.07707479
72.727273,66.315789,-0.01965163,-0.07298425
74.545455,66.315789,-0.01858046,-0.06913540
76.363636,66.315789,-0.01760688,-0.06550004
78.181818,66.315789,-0.01671743,-0.06204882
80.000000,66.315789,-0.01589853,-0.05875170
81.818182,66.315789,-0.01513667,-0.05557842
83.636364,66.315789,-0.01441858,-0.05249890
85.454545,66.315789,-0.01373143,-0.04948354
87.272727,66.315789,-0.01306295,-0.04650349
89.090909,66.315789,-0.01240153,-0.04353095
90.909091,66.315789,-0.01173637,-0.04053934
92.727273,66.315789,-0.01105756,-0.03750358
94.545455,66.315789,-0.01035615,-0.03440023
96.363636,66.315789,-0.00962429,-0.03120772
98.181818,66.315789,-0.00885526,-0.02790655
100.000000,66.315789,-0.00804361,-0.02447943
101.818182,66.315789,-0.00718518,-0.02091152
103.636364,66.315789,-0.00627718,-0.01719059
105.454545,66.315789,-0.00531831,-0.01330717
107.272727,66.315789,-0.00430872,-0.00925474
109.090909,66.315789,-0.00325016,-0.00502982
110.909091,66.315789,-0.00214593,-0.00063215
112.727273,66.315789,-0.00100091,0.00393528
114.545455,66.315789,0.00017843,0.00866617
116.363636,66.315789,0.00138407,0.01355093
118.181818,66.315789,0.00260656,0.01857671
120.000000,66.315789,0.00383504,0.02322768
121.818182,66.315789,0.00505743,0.02045620
123.636364,66.315789,0.00626060,0.01762271
125.454545,66.315789,0.00743052,0.01472124
127.272727,66.315789,0.00855256,0.01174540
129.090909,66.315789,0.00961168,0.00868845
130.909091,66.315789,0.01059276,0.00554335
132.727273,66.315789,0.01148085,0.00230283
134.545455,66.315789,0.01226146,-0.00104055
136.363636,66.315789,0.01292083,-0.00449441
138.181818,66.315789,0.01344614,-0.00806648
140.000000,66.315789,0.01382576,-0.01176460
141.818182,66.315789,0.01404938,-0.01559671
143.636364,66.315789,0.01410812,-0.01957087
145.454545,66.315789,0.01399458,-0.02369526
147.272727,66.315789,0.01370285,-0.02797818
149.090909,66.315789,0.01322841,-0.03242814
150.909091,66.315789,0.01256807,-0.03705381
152.727273,66.315789,0.01171977,-0.04186412
154.545455,66.315789,0.01068248,-0.04686821
156.363636,66.315789,0.00945591,-0.05207547
158.181818,66.315789,0.00804040,-0.05749553
160.000000,66.315789,0.00643670,-0.06313817
161.818182,66.315789,0.00464584,-0.06901325
163.636364,66.315789,0.00266897,-0.07513055
165.454545,66.315789,0.00050735,-0.08149960
167.272727,66.315789,-0.00183769,-0.08812929
169.090909,66.315789,-0.00436466,-0.09502759
170.909091,66.315789,-0.00707179,-0.10220094
172.727273,66.315789,-0.00995675,-0.10965368
174.545455,66.315789,-0.01301633,-0.11738723
176.363636,66.315789,-0.01624600,-0.12539916
178.181818,66.315789,-0.01963938,-0.13368205
180.000000,66.315789,-0.02318761,-0.14222228
0.000000,71.052632,-0.03044586,-0.14464691
1.818182,71.052632,-0.03290796,-0.14889941
3.636364,71.052632,-0.03552933,-0.15331343
5.454545,71.052632,-0.03829303,-0.15786695
7.272727,71.052632,-0.04117600,-0.16180890
9.090909,71.052632,-0.04414843,-0.16110005
10.909091,71.052632,-0.04717331,-0.16025425
12.727273,71.052632,-0.05020628,-0.15928166
14.545455,71.052632,-0.05319599,-0.15819253
16.363636,71.052632,-0.05608488,-0.15699716
18.181818,71.052632,-0.05881067,-0.15570577
20.000000,71.052632,-0.06130856,-0.15432849
21.818182,71.052632,-0.06351400,-0.15287525
23.636364,71.052632,-0.06536599,-0.15135572
25.454545,71.052632,-0.06681071,-0.14977927
27.272727,71.052632,-0.06780493,-0.14815492
29.090909,71.052632,-0.06831909,-0.14649126
30.909091,71.052632,-0.06833947,-0.14479642
32.727273,71.052632,-0.06786926,-0.14307805
34.545455,71.052632,-0.06692829,-0.14134324
36.363636,71.052632,-0.06555160,-0.13959853
38.181818,71.052632,-0.06378689,-0.13784984
40.000000,71.052632,-0.06169126,-0.13610248
41.818182,71.052632,-0.05932760,-0.13436110
43.636364,71.052632,-0.05676107,-0.13262968
45.454545,71.052632,-0.05405587,-0.13091151
47.272727,71.052632,-0.05127260,-0.12920919
49.090909,71.052632,-0.04846630,-0.12752459
50.909091,71.052632,-0.04568513,-0.12585887
52.727273,71.052632,-0.04296969,-0.12323787
54.545455,71.052632,-0.04035291,-0.11646778
56.363636,71.052632,-0.03786016,-0.10999285
58.181818,71.052632,-0.03550989,-0.10385076
60.000000,71.052632,-0.03331421,-0.09806620
61.818182,71.052632,-0.03127967,-0.09265240
63.636364,71.052632,-0.02940812,-0.08761269
65.454545,71.052632,-0.02769737,-0.08294205
67.272727,71.052632,-0.02614199,-0.07862854
69.090909,71.052632,-0.02473394,-0.07465460
70.909091,71.052632,-0.02346313,-0.07099818
72.727273,71.052632,-0.02231792,-0.06763377
74.545455,71.052632,-0.02128558,-0.06453327
76.363636,71.052632,-0.02035266,-0.06166667
78.181818,71.052632,-0.01950527,-0.05900273
80.000000,71.052632,-0.01872937,-0.05650948
81.818182,71.052632,-0.01801100,-0.05415467
83.636364,71.052632,-0.01733646,-0.05190617
85.454545,71.052632,-0.01669248,-0.04973226
87.272727,71.052632,-0.01606638,-0.04760199
89.090909,71.052632,-0.01544618,-0.04548538
90.909091,71.052632,-0.01482074,-0.04335368
92.727273,71.052632,-0.01417984,-0.04117962
94.545455,71.052632,-0.01351433,-0.03893760
96.363636,71.052632,-0.01281617,-0.03660394
98.181818,71.052632,-0.01207857,-0.03415703
100.000000,71.052632,-0.01129607,-0.03157760
101.818182,71.052632,-0.01046462,-0.02884888
103.636364,71.052632,-0.00958164,-0.02595685
105.454545,71.052632,-0.00864614,-0.02289034
107.272727,71.052632,-0.00765873,-0.01964130
109.090909,71.052632,-0.00662169,-0.01620489
110.909091,71.052632,-0.00553900,-0.01257963
112.727273,71.052632,-0.00441630,-0.00876744
114.545455,71.052632,-0.00326094,-0.00477373
116.363636,71.052632,-0.00208182,-0.00060731
118.181818,71.052632,-0.00088939,0.00371964
120.000000,71.052632,0.00030455,0.00819180
121.818182,71.052632,0.00148699,0.01279089
123.636364,71.052632,0.00264394,0.01749604
125.454545,71.052632,0.00376068,0.02228412
127.272727,71.052632,0.00482201,0.02231995
129.090909,71.052632,0.00581260,0.01969273
130.909091,71.052632,0.00671728,0.01693576
132.727273,71.052632,0.00752133,0.01404045
134.545455,71.052632,0.00821082,0.01099832
136.363636,71.052632,0.00877286,0.00780105
138.181818,71.052632,0.00919583,0.00444051
140.000000,71.052632,0.00946956,0.00090882
141.818182,71.052632,0.00958545,-0.00280166
143.636364,71.052632,0.00953652,-0.00669834
145.454545,71.052632,0.00931741,-0.01078840
147.272727,71.052632,0.00892428,-0.01507885
149.090909,71.052632,0.00835470,-0.01957657
150.909091,71.052632,0.00760749,-0.02428835
152.727273,71.052632,0.00668245,-0.02922094
154.545455,71.052632,0.00558020,-0.03438114
156.363636,71.052632,0.00430192,-0.03977578
158.181818,71.052632,0.00284911,-0.04541178
160.000000,71.052632,0.00122344,-0.05129614
161.818182,71.052632,-0.00057347,-0.05743584
163.636364,71.052632,-0.00254011,-0.06383777
165.454545,71.052632,-0.00467516,-0.07050857
167.272727,71.052632,-0.00697747,-0.07745429
169.090909,71.052632,-0.00944595,-0.08468011
170.909091,71.052632,-0.01207941,-0.09218982
172.727273,71.052632,-0.01487628,-0.09998518
174.545455,71.052632,-0.01783424,-0.10806520
176.363636,71.052632,-0.02094978,-0.11642519
178.181818,71.052632,-0.02421758,-0.12505563
180.000000,71.052632,-0.02762992,-0.13394097
0.000000,75.789474,-0.03348376,-0.13423445
1.818182,75.789474,-0.03590415,-0.13801517
3.636364,75.789474,-0.03847590,-0.14197643
5.454545,75.789474,-0.04118287,-0.14609806
7.272727,75.789474,-0.04400284,-0.14963077
9.090909,75.789474,-0.04690687,-0.14853699
10.909091,75.789474,-0.04985883,-0.14733213
12.727273,75.789474,-0.05281526,-0.14602778
14.545455,75.789474,-0.05572570,-0.14463553
16.363636,75.789474,-0.05853344,-0.14316685
18.181818,75.789474,-0.06117709,-0.14163304
20.000000,75.789474,-0.06359267,-0.14004518
21.818182,75.789474,-0.06571641,-0.13841401
23.636364,75.789474,-0.06748810,-0.13674992
25.454545,75.789474,-0.06885460,-0.13506289
27.272727,75.789474,-0.06977338,-0.13336241
29.090909,75.789474,-0.07021551,-0.13165746
30.909091,75.789474,-0.07016784,-0.12995646
32.727273,75.789474,-0.06963408,-0.12826724
34.545455,75.789474,-0.06863456,-0.12659700
36.363636,75.789474,-0.06720475,-0.12495230
38.181818,75.789474,-0.06539274,-0.12333900
40.000000,75.789474,-0.06325593,-0.12176227
41.818182,75.789474,-0.06085753,-0.12022657
43.636364,75.789474,-0.05826292,-0.11873560
45.454545,75.789474,-0.05553650,-0.11729233
47.272727,75.789474,-0.05273901,-0.11589897
49.090909,75.789474,-0.04992559,-0.11455694
50.909091,75.789474,-0.04714447,-0.11326690
52.727273,75.789474,-0.04443629,-0.11105416
54.545455,75.789474,-0.04183392,-0.10472430
56.363636,75.789474,-0.03936272,-0.09872092
58.181818,75.789474,-0.03704102,-0.09308104
60.000000,75.789474,-0.03488082,-0.08782859
61.818182,75.789474,-0.03288852,-0.08297603
63.636364,75.789474,-0.03106578,-0.07852587
65.454545,75.789474,-0.02941020,-0.07447222
67.272727,75.789474,-0.02791613,-0.07080222
69.090909,75.789474,-0.02657524,-0.06749737
70.909091,75.789474,-0.02537718,-0.06453461
72.727273,75.789474,-0.02431000,-0.06188739
74.545455,75.789474,-0.02336067,-0.05952649
76.363636,75.789474,-0.02251539,-0.05742079
78.181818,75.789474,-0.02175992,-0.05553785
80.000000,75.789474,-0.02107989,-0.05384445
81.818182,75.789474,-0.02046096,-0.05230706
83.636364,75.789474,-0.01988907,-0.05089219
85.454545,75.789474,-0.01935061,-0.04956675
87.272727,75.789474,-0.01883251,-0.04829832
89.090909,75.789474,-0.01832245,-0.04705544
90.909091,75.789474,-0.01780894,-0.04580779
92.727273,75.789474,-0.01728143,-0.04452652
94.545455,75.789474,-0.01673044,-0.04318436
96.363636,75.789474,-0.01614765,-0.04175592
98.181818,75.789474,-0.01552599,-0.04021784
100.000000,75.789474,-0.01485973,-0.03854904
101.818182,75.789474,-0.01414458,-0.03673090
103.636364,75.789474,-0.01337778,-0.03474746
105.454545,75.789474,-0.01255813,-0.03258562
107.272727,75.789474,-0.01168608,-0.03023530
109.090909,75.789474,-0.01076374,-0.02768959
110.909091,75.789474,-0.00979495,-0.02494483
112.727273,75.789474,-0.00878521,-0.02200076
114.545455,75.789474,-0.00774168,-0.01886045
116.363636,75.789474,-0.00667308,-0.01553033
118.181818,75.789474,-0.00558963,-0.01202006
120.000000,75.789474,-0.00450284,-0.00834235
121.818182,75.789474,-0.00342536,-0.00451272
123.636364,75.789474,-0.00237073,-0.00054917
125.454545,75.789474,-0.00135313,0.00352820
127.272727,75.789474,-0.00038711,0.00769761
129.090909,75.789474,0.00051276,0.01193613
130.909091,75.789474,0.00133215,0.01622012
132.727273,75.789474,0.00205733,0.02052574
134.545455,75.789474,0.00267538,0.02166206
136.363636,75.789474,0.00317450,0.01879698
138.181818,75.789474,0.00354417,0.01573479
140.000000,75.789474,0.00377531,0.01246712
141.818182,75.789474,0.00386036,0.00898612
143.636364,75.789474,0.00379328,0.00528442
145.454545,75.789474,0.00356953,0.00135516
147.272727,75.789474,0.00318594,-0.00280811
149.090909,75.789474,0.00264056,-0.00721143
150.909091,75.789474,0.00193249,-0.01186055
152.727273,75.789474,0.00106162,-0.01676095
154.545455,75.789474,0.00002844,-0.02191796
156.363636,75.789474,-0.00116618,-0.02733679
158.181818,75.789474,-0.00252126,-0.03302261
160.000000,75.789474,-0.00403579,-0.03898053
161.818182,75.789474,-0.00570896,-0.04521559
163.636364,75.789474,-0.00754018,-0.05173269
165.454545,75.789474,-0.00952915,-0.05853641
167.272727,75.789474,-0.01167579,-0.06563082
169.090909,75.789474,-0.01398015,-0.07301908
170.909091,75.789474,-0.01644217,-0.08070303
172.727273,75.789474,-0.01906142,-0.08868258
174.545455,75.789474,-0.02183672,-0.09695491
176.363636,75.789474,-0.02476564,-0.10551364
178.181818,75.789474,-0.02784394,-0.11434766
180.000000,75.789474,-0.03106491,-0.12343992
0.000000,80.526316,-0.03572708,-0.12078489
1.818182,80.526316,-0.03806075,-0.12422318
3.636364,80.526316,-0.04054071,-0.12786486
5.454545,80.526316,-0.04315176,-0.13169093
7.272727,80.526316,-0.04587258,-0.13495317
9.090909,80.526316,-0.04867514,-0.13361500
10.909091,80.526316,-0.05152423,-0.13219270
12.727273,80.526316,-0.05437726,-0.13069866
14.545455,80.526316,-0.05718460,-0.12914512
16.363636,80.526316,-0.05989037,-0.12754416
18.181818,80.526316,-0.06243395,-0.12590757
20.000000,80.526316,-0.06475208,-0.12424683
21.818182,80.526316,-0.06678169,-0.12257301
23.636364,80.526316,-0.06846320,-0.12089675
25.454545,80.526316,-0.06974408,-0.11922817
27.272727,80.526316,-0.07058233,-0.11757688
29.090909,80.526316,-0.07094952,-0.11595188
30.909091,80.526316,-0.07083296,-0.11436157
32.727273,80.526316,-0.07023676,-0.11281371
34.545455,80.526316,-0.06918163,-0.11131536
36.363636,80.526316,-0.06770334,-0.10987290
38.181818,80.526316,-0.06585026,-0.10849198
40.000000,80.526316,-0.06368004,-0.10717752
41.818182,80.526316,-0.06125607,-0.10593369
43.636364,80.526316,-0.05864392,-0.10476387
45.454545,80.526316,-0.05590809,-0.10367068
47.272727,80.526316,-0.05310943,-0.10265597
49.090909,80.526316,-0.05030314,-0.10172075
50.909091,80.526316,-0.04753749,-0.10086527
52.727273,80.526316,-0.04485311,-0.09911440
54.545455,80.526316,-0.04228287,-0.09327327
56.363636,80.526316,-0.03985207,-0.08778501
58.181818,80.526316,-0.03757898,-0.08268613
60.000000,80.526316,-0.03547550,-0.07800006
61.818182,80.526316,-0.03354794,-0.07373874
63.636364,80.526316,-0.03179781,-0.06990412
65.454545,80.526316,-0.03022258,-0.06648976
67.272727,80.526316,-0.02881642,-0.06348222
69.090909,80.526316,-0.02757084,-0.06086238
70.909091,80.526316,-0.02647528,-0.05860657
72.727273,80.526316,-0.02551758,-0.05668758
74.545455,80.526316,-0.02468450,-0.05507553
76.363636,80.526316,-0.02396199,-0.05373856
78.181818,80.526316,-0.02333558,-0.05264349
80.000000,80.526316,-0.02279062,-0.05175633
81.818182,80.526316,-0.02231251,-0.05104272
83.636364,80.526316,-0.02188690,-0.05046829
85.454545,80.526316,-0.02149986,-0.04999901
87.272727,80.526316,-0.02113803,-0.04960148
89.090909,80.526316,-0.02078874,-0.04924314
90.909091,80.526316,-0.02044015,-0.04889256
92.727273,80.526316,-0.02008134,-0.04851961
94.545455,80.526316,-0.01970242,-0.04809572
96.363636,80.526316,-0.01929465,-0.04759401
98.181818,80.526316,-0.01885048,-0.04698956
100.000000,80.526316,-0.01836370,-0.04625957
101.818182,80.526316,-0.01782948,-0.04538354
103.636364,80.526316,-0.01724445,-0.04434347
105.454545,80.526316,-0.01660676,-0.04312403
107.272727,80.526316,-0.01591616,-0.04171273
109.090909,80.526316,-0.01517398,-0.04010002
110.909091,80.526316,-0.01438320,-0.03827943
112.727273,80.526316,-0.01354838,-0.03624759
114.545455,80.526316,-0.01267566,-0.03400430
116.363636,80.526316,-0.01177268,-0.03155249
118.181818,80.526316,-0.01084846,-0.02889809
120.000000,80.526316,-0.00991326,-0.02604992
121.818182,80.526316,-0.00897839,-0.02301945
123.636364,80.526316,-0.00805604,-0.01982054
125.454545,80.526316,-0.00715899,-0.01646909
127.272727,80.526316,-0.00630036,-0.01298268
129.090909,80.526316,-0.00549336,-0.00938019
130.909091,80.526316,-0.00475099,-0.00568133
132.727273,80.526316,-0.00408578,-0.00190634
134.545455,80.526316,-0.00350955,0.00192449
136.363636,80.526316,-0.00303320,0.00579103
138.181818,80.526316,-0.00266654,0.00967362
140.000000,80.526316,-0.00241818,0.01355324
141.818182,80.526316,-0.00229547,0.01741156
143.636364,80.526316,-0.00230449,0.01741383
145.454545,80.526316,-0.00245010,0.01372921
147.272727,80.526316,-0.00273605,0.00978531
149.090909,80.526316,-0.00316511,0.00557617
150.909091,80.526316,-0.00373925,0.00109631
152.727273,80.526316,-0.00445980,-0.00365935
154.545455,80.526316,-0.00532767,-0.00869556
156.363636,80.526316,-0.00634355,-0.01401685
158.181818,80.526316,-0.00750802,-0.01962756
160.000000,80.526316,-0.00882175,-0.02553189
161.818182,80.526316,-0.01028561,-0.03173387
163.636364,80.526316,-0.01190064,-0.03823730
165.454545,80.526316,-0.01366817,-0.04504564
167.272727,80.526316,-0.01558966,-0.05216177
169.090909,80.526316,-0.01766662,-0.05958766
170.909091,80.526316,-0.01990034,-0.06732393
172.727273,80.526316,-0.02229168,-0.07536928
174.545455,80.526316,-0.02484060,-0.08371971
176.363636,80.526316,-0.02754572,-0.09236765
178.181818,80.526316,-0.03040374,-0.10130089
180.000000,80.526316,-0.03340876,-0.11050126
0.000000,85.263158,-0.03689645,-0.10396470
1.818182,85.263158,-0.03911721,-0.10717866
3.636364,85.263158,-0.04148201,-0.11062171
5.454545,85.263158,-0.04397651,-0.11427548
7.272727,85.263158,-0.04658030,-0.11739234
9.090909,85.263158,-0.04926619,-0.11593617
10.909091,85.263158,-0.05199977,-0.11442366
12.727273,85.263158,-0.05473923,-0.11286749
14.545455,85.263158,-0.05743567,-0.11128018
16.363636,85.263158,-0.06003390,-0.10967394
18.181818,85.263158,-0.06247393,-0.10806068
20.000000,85.263158,-0.06469309,-0.10645191
21.818182,85.263158,-0.06662887,-0.10485869
23.636364,85.263158,-0.06822219,-0.10329157
25.454545,85.263158,-0.06942096,-0.10176057
27.272727,85.263158,-0.07018360,-0.10027512
29.090909,85.263158,-0.07048204,-0.09884404
30.909091,85.263158,-0.07030394,-0.09747549
32.727273,85.263158,-0.06965369,-0.09617696
34.545455,85.263158,-0.06855223,-0.09495524
36.363636,85.263158,-0.06703558,-0.09381641
38.181818,85.263158,-0.06515226,-0.09276580
40.000000,85.263158,-0.06296011,-0.09180797
41.818182,85.263158,-0.06052262,-0.09094676
43.636364,85.263158,-0.05790546,-0.09018519
45.454545,85.263158,-0.05517321,-0.08952551
47.272727,85.263158,-0.05238676,-0.08896919
49.090909,85.263158,-0.04960135,-0.08851688
50.909091,85.263158,-0.04686525,-0.08816843
52.727273,85.263158,-0.04421908,-0.08694835
54.545455,85.263158,-0.04169567,-0.08166135
56.363636,85.263158,-0.03932031,-0.07675020
58.181818,85.263158,-0.03711118,-0.07225100
60.000000,85.263158,-0.03508012,-0.06818681
61.818182,85.263158,-0.03323335,-0.06456914
63.636364,85.263158,-0.03157229,-0.06139956
65.454545,85.263158,-0.03009431,-0.05867122
67.272727,85.263158,-0.02879344,-0.05637026
69.090909,85.263158,-0.02766107,-0.05447713
70.909091,85.263158,-0.02668649,-0.05296773
72.727273,85.263158,-0.02585741,-0.05181438
74.545455,85.263158,-0.02516040,-0.05098673
76.363636,85.263158,-0.02458124,-0.05045241
78.181818,85.263158,-0.02410526,-0.05017772
80.000000,85.263158,-0.02371761,-0.05012808
81.818182,85.263158,-0.02340345,-0.05026850
83.636364,85.263158,-0.02314818,-0.05056394
85.454545,85.263158,-0.02293760,-0.05097964
87.272727,85.263158,-0.02275804,-0.05148135
89.090909,85.263158,-0.02259648,-0.05203562
90.909091,85.263158,-0.02244070,-0.05261000
92.727273,85.263158,-0.02227936,-0.05317324
94.545455,85.263158,-0.02210210,-0.05369546
96.363636,85.263158,-0.02189963,-0.05414840
98.181818,85.263158,-0.02166380,-0.05450551
100.000000,85.263158,-0.02138773,-0.05474221
101.818182,85.263158,-0.02106581,-0.05483600
103.636364,85.263158,-0.02069383,-0.05476665
105.454545,85.263158,-0.02026899,-0.05451636
107.272727,85.263158,-0.01978998,-0.05406988
109.090909,85.263158,-0.01925697,-0.05341467
110.909091,85.263158,-0.01867165,-0.05254095
112.727273,85.263158,-0.01803722,-0.05144183
114.545455,85.263158,-0.01735832,-0.05011327
116.363636,85.263158,-0.01664101,-0.04855416
118.181818,85.263158,-0.01589263,-0.04676616
120.000000,85.263158,-0.01512174,-0.04475367
121.818182,85.263158,-0.01433789,-0.04252365
123.636364,85.263158,-0.01355151,-0.04008541
125.454545,85.263158,-0.01277368,-0.03745036
127.272727,85.263158,-0.01201589,-0.03463176
129.090909,85.263158,-0.01128983,-0.03164437
130.909091,85.263158,-0.01060718,-0.02850420
132.727273,85.263158,-0.00997934,-0.02522817
134.545455,85.263158,-0.00941728,-0.02183386
136.363636,85.263158,-0.00893132,-0.01833926
138.181818,85.263158,-0.00853101,-0.01476259
140.000000,85.263158,-0.00822503,-0.01112217
141.818182,85.263158,-0.00802112,-0.00743637
143.636364,85.263158,-0.00792609,-0.00372358
145.454545,85.263158,-0.00794583,-0.00000230
147.272727,85.263158,-0.00808541,0.00370880
149.090909,85.263158,-0.00834915,0.00739069
150.909091,85.263158,-0.00874076,0.01102390
152.727273,85.263158,-0.00926349,0.01130583
154.545455,85.263158,-0.00992025,0.00645473
156.363636,85.263158,-0.01071380,0.00129663
158.181818,85.263158,-0.01164680,-0.00417260
160.000000,85.263158,-0.01272198,-0.00995683
161.818182,85.263158,-0.01394220,-0.01605969
163.636364,85.263158,-0.01531042,-0.02248448
165.454545,85.263158,-0.01682975,-0.02923407
167.272727,85.263158,-0.01850332,-0.03631069
169.090909,85.263158,-0.02033415,-0.04371558
170.909091,85.263158,-0.02232494,-0.05144860
172.727273,85.263158,-0.02447773,-0.05950764
174.545455,85.263158,-0.02679358,-0.06788786
176.363636,85.263158,-0.02927202,-0.07658084
178.181818,85.263158,-0.03191055,-0.08557348
180.000000,85.263158,-0.03470393,-0.09484676
0.000000,90.000000,-0.03688028,-0.08358149
1.818182,90.000000,-0.03897990,-0.08665178
3.636364,90.000000,-0.04122351,-0.08997825
5.454545,90.000000,-0.04359756,-0.09354292
7.272727,90.000000,-0.04608240,-0.09659841
9.090909,90.000000,-0.04865157,-0.09510882
10.909091,90.000000,-0.05127132,-0.09359097
12.727273,90.000000,-0.05390050,-0.09205762
14.545455,90.000000,-0.05649079,-0.09052127
16.363636,90.000000,-0.05898754,-0.08899410
18.181818,90.000000,-0.06133127,-0.08748793
20.000000,90.000000,-0.06345976,-0.08601411
21.818182,90.000000,-0.06531092,-0.08458351
23.636364,90.000000,-0.06682603,-0.08320649
25.454545,90.000000,-0.06795335,-0.08189280
27.272727,90.000000,-0.06865159,-0.08065162
29.090909,90.000000,-0.06889294,-0.07949145
30.909091,90.000000,-0.06866527,-0.07842016
32.727273,90.000000,-0.06797318,-0.07744491
34.545455,90.000000,-0.06683779,-0.07657216
36.363636,90.000000,-0.06529522,-0.07580764
38.181818,90.000000,-0.06339413,-0.07515633
40.000000,90.000000,-0.06119244,-0.07462246
41.818182,90.000000,-0.05875371,-0.07420950
43.636364,90.000000,-0.05614365,-0.07392013
45.454545,90.000000,-0.05342689,-0.07375625
47.272727,90.000000,-0.05066431,-0.07371899
49.090909,90.000000,-0.04791116,-0.07380865
50.909091,90.000000,-0.04521568,-0.07402476
52.727273,90.000000,-0.04261848,-0.07339147
54.545455,90.000000,-0.04015234,-0.06871319
56.363636,90.000000,-0.03784248,-0.06443235
58.181818,90.000000,-0.03570705,-0.06058473
60.000000,90.000000,-0.03375780,-0.05719308
61.818182,90.000000,-0.03200088,-0.05426859
63.636364,90.000000,-0.03043760,-0.05181252
65.454545,90.000000,-0.02906524,-0.04981767
67.272727,90.000000,-0.02787773,-0.04826988
69.090909,90.000000,-0.02686635,-0.04714926
70.909091,90.000000,-0.02602025,-0.04643135
72.727273,90.000000,-0.02532700,-0.04608812
74.545455,90.000000,-0.02477303,-0.04608881
76.363636,90.000000,-0.02434396,-0.04640065
78.181818,90.000000,-0.02402493,-0.04698948
80.000000,90.000000,-0.02380088,-0.04782021
81.818182,90.000000,-0.02365676,-0.04885731
83.636364,90.000000,-0.02357772,-0.05006512
85.454545,90.000000,-0.02354928,-0.05140818
87.272727,90.000000,-0.02355743,-0.05285147
89.090909,90.000000,-0.02358883,-0.05436064
90.909091,90.000000,-0.02363084,-0.05590223
92.727273,90.000000,-0.02367166,-0.05744383
94.545455,90.000000,-0.02370040,-0.05895429
96.363636,90.000000,-0.02370718,-0.06040384
98.181818,90.000000,-0.02368319,-0.06176428
100.000000,90.000000,-0.02362079,-0.06300911
101.818182,90.000000,-0.02351352,-0.06411372
103.636364,90.000000,-0.02335621,-0.06505551
105.454545,90.000000,-0.02314503,-0.06581402
107.272727,90.000000,-0.02287747,-0.06637110
109.090909,90.000000,-0.02255246,-0.06671100
110.909091,90.000000,-0.02217028,-0.06682046
112.727273,90.000000,-0.02173264,-0.06668884
114.545455,90.000000,-0.02124261,-0.06630811
116.363636,90.000000,-0.02070456,-0.06567292
118.181818,90.000000,-0.02012415,-0.06478056
120.000000,90.000000,-0.01950816,-0.06363092
121.818182,90.000000,-0.01886440,-0.06222640
123.636364,90.000000,-0.01820160,-0.06057177
125.454545,90.000000,-0.01752920,-0.05867405
127.272727,90.000000,-0.01685718,-0.05654230
129.090909,90.000000,-0.01619592,-0.05418740
130.909091,90.000000,-0.01555596,-0.05162191
132.727273,90.000000,-0.01494784,-0.04885978
134.545455,90.000000,-0.01438193,-0.04591622
136.363636,90.000000,-0.01386830,-0.04280749
138.181818,90.000000,-0.01341655,-0.03955078
140.000000,90.000000,-0.01303575,-0.03616411
141.818182,90.000000,-0.01273436,-0.03266625
143.636364,90.000000,-0.01252021,-0.02907672
145.454545,90.000000,-0.01240054,-0.02541577
147.272727,90.000000,-0.01238194,-0.02170446
149.090909,90.000000,-0.01247053,-0.01796470
150.909091,90.000000,-0.01267194,-0.01421934
152.727273,90.000000,-0.01299147,-0.01049222
154.545455,90.000000,-0.01343414,-0.00680824
156.363636,90.000000,-0.01400483,-0.00319340
158.181818,90.000000,-0.01470833,0.00032523
160.000000,90.000000,-0.01554942,0.00371956
161.818182,90.000000,-0.01653290,0.00240902
163.636364,90.000000,-0.01766359,-0.00392094
165.454545,90.000000,-0.01894630,-0.01059956
167.272727,90.000000,-0.02038572,-0.01762849
169.090909,90.000000,-0.02198628,-0.02500835
170.909091,90.000000,-0.02375191,-0.03273828
172.727273,90.000000,-0.02568576,-0.04081536
174.545455,90.000000,-0.02778979,-0.04923394
176.363636,90.000000,-0.03006432,-0.05798470
178.181818,90.000000,-0.03250749,-0.06705363
180.000000,90.000000,-0.03511457,-0.07642077
